SessionNum,Playtime,Duration,Level,Gold,SpentGold,TotalDamage,Monsters,Bosses,Inputs,Crits,KbPower,MsPower,CrystalsStage,CrystalsBoss,CrystalsGold,CrystalsTotal,CrystalsSpent,CrystalsRemain,GGKilled,GGEscaped,GGGold,BaseAttackLv,AttackPctLv,CritChanceLv,CritDamageLv,MultiHitLv,TimeExtendLv,UpgradeDiscountLv,GoldFlatPermLv,GoldMultiPermLv,CrystalFlatLv
1,30.0,30.0,2,1,-1,159,1,0,144,15,0,0,0,0,0,0,0,0,0,0,0,0,0,0,0,0,0,0,0,0,0
2,59.9,30.0,2,1,-1,159,1,0,145,14,0,0,0,0,0,0,0,0,0,0,0,0,0,0,0,0,0,0,0,0,0
3,89.9,30.0,2,1,-1,161,1,0,142,19,0,0,0,0,0,0,0,0,0,0,0,0,0,0,0,0,0,0,0,0,0
4,119.8,29.9,2,1,-1,156,1,0,144,12,0,0,0,0,0,0,0,0,0,0,0,0,0,0,0,0,0,0,0,0,0
5,149.6,29.8,2,1,-1,163,1,0,145,18,0,0,0,0,0,0,0,0,0,0,0,0,0,0,0,0,0,0,0,0,0
6,179.5,29.9,2,1,-1,160,1,0,143,17,0,0,0,0,0,0,0,0,0,0,0,0,0,0,0,0,0,0,0,0,0
7,209.5,29.9,2,1,-1,148,1,0,136,12,0,0,0,0,0,0,0,0,0,0,0,0,0,0,0,0,0,0,0,0,0
8,239.3,29.8,2,1,-1,160,1,0,145,15,0,0,0,0,0,0,0,0,0,0,0,0,0,0,0,0,0,0,0,0,0
9,269.2,29.9,2,1,-1,153,1,0,140,13,0,0,0,0,0,0,0,0,0,0,0,0,0,0,0,0,0,0,0,0,0
10,299.2,30.0,2,1,-1,156,1,0,142,14,0,0,0,0,0,0,0,0,0,0,0,0,0,0,0,0,0,0,0,0,0
11,329.1,30.0,2,1,-1,159,1,0,143,16,0,0,0,0,0,0,0,0,0,0,0,0,0,0,0,0,0,0,0,0,0
12,359.1,30.0,2,1,-1,159,1,0,141,18,0,0,0,0,0,0,0,0,0,0,0,0,0,0,0,0,0,0,0,0,0
13,389.0,29.9,2,1,-1,156,1,0,143,13,0,0,0,0,0,0,0,0,0,0,0,0,0,0,0,0,0,0,0,0,0
14,418.9,29.9,2,1,-1,156,1,0,144,12,0,0,0,0,0,0,0,0,0,0,0,0,0,0,0,0,0,0,0,0,0
15,448.8,29.9,2,1,-1,167,1,0,148,19,0,0,0,0,0,0,0,0,0,0,0,0,0,0,0,0,0,0,0,0,0
16,478.6,29.7,2,1,-1,162,1,0,147,15,0,0,0,0,0,0,0,0,0,0,0,0,0,0,0,0,0,0,0,0,0
17,508.4,29.9,2,1,-1,162,1,0,145,17,0,0,0,0,0,0,0,0,0,0,0,0,0,0,0,0,0,0,0,0,0
18,538.4,30.0,2,1,-1,150,1,0,138,12,0,0,0,0,0,0,0,0,0,0,0,0,0,0,0,0,0,0,0,0,0
19,568.3,29.9,2,1,-1,150,1,0,140,10,0,0,0,0,0,0,0,0,0,0,0,0,0,0,0,0,0,0,0,0,0
20,598.2,29.9,2,1,-1,154,1,0,144,10,0,0,0,0,0,0,0,0,0,0,0,0,0,0,0,0,0,0,0,0,0
21,628.1,30.0,2,1,-1,158,1,0,147,11,0,0,0,0,0,0,0,0,0,0,0,0,0,0,0,0,0,0,0,0,0
22,657.9,29.8,2,1,-1,161,1,0,144,17,0,0,0,0,0,0,0,0,0,0,0,0,0,0,0,0,0,0,0,0,0
23,687.7,29.8,2,1,-1,156,1,0,142,14,0,0,0,0,0,0,0,0,0,0,0,0,0,0,0,0,0,0,0,0,0
24,717.7,30.0,2,1,-1,160,1,0,147,13,0,0,0,0,0,0,0,0,0,0,0,0,0,0,0,0,0,0,0,0,0
25,747.7,30.0,2,1,-1,156,1,0,142,14,0,0,0,0,0,0,0,0,0,0,0,0,0,0,0,0,0,0,0,0,0
26,777.5,29.8,2,1,-1,153,1,0,143,10,0,0,0,0,0,0,0,0,0,0,0,0,0,0,0,0,0,0,0,0,0
27,807.3,29.9,2,1,-1,155,1,0,143,12,0,0,0,0,0,0,0,0,0,0,0,0,0,0,0,0,0,0,0,0,0
28,837.3,29.9,2,1,-1,150,1,0,142,8,0,0,0,0,0,0,0,0,0,0,0,0,0,0,0,0,0,0,0,0,0
29,867.2,29.9,2,1,-1,154,1,0,143,11,0,0,0,0,0,0,0,0,0,0,0,0,0,0,0,0,0,0,0,0,0
30,897.1,29.9,2,1,-1,163,1,0,144,19,0,0,0,0,0,0,0,0,0,0,0,0,0,0,0,0,0,0,0,0,0
31,926.9,29.8,2,1,-1,158,1,0,145,13,0,0,0,0,0,0,0,0,0,0,0,0,0,0,0,0,0,0,0,0,0
32,956.6,29.7,2,1,-1,161,1,0,138,23,0,0,0,0,0,0,0,0,0,0,0,0,0,0,0,0,0,0,0,0,0
33,986.6,30.0,2,1,-1,152,1,0,138,14,0,0,0,0,0,0,0,0,0,0,0,0,0,0,0,0,0,0,0,0,0
34,1016.5,29.9,2,1,-1,157,1,0,144,13,0,0,0,0,0,0,0,0,0,0,0,0,0,0,0,0,0,0,0,0,0
35,1046.3,29.8,2,1,-1,154,1,0,144,10,0,0,0,0,0,0,0,0,0,0,0,0,0,0,0,0,0,0,0,0,0
36,1076.1,29.8,2,1,-1,162,1,0,145,17,0,0,0,0,0,0,0,0,0,0,0,0,0,0,0,0,0,0,0,0,0
37,1106.0,29.8,2,1,-1,163,1,0,144,19,0,0,0,0,0,0,0,0,0,0,0,0,0,0,0,0,0,0,0,0,0
38,1135.9,29.9,2,1,-1,165,1,0,148,17,0,0,0,0,0,0,0,0,0,0,0,0,0,0,0,0,0,0,0,0,0
39,1165.8,30.0,2,1,-1,160,1,0,145,15,0,0,0,0,0,0,0,0,0,0,0,0,0,0,0,0,0,0,0,0,0
40,1195.6,29.8,2,1,-1,158,1,0,142,16,0,0,0,0,0,0,0,0,0,0,0,0,0,0,0,0,0,0,0,0,0
41,1225.5,29.9,2,1,-1,160,1,0,147,13,0,0,0,0,0,0,0,0,0,0,0,0,0,0,0,0,0,0,0,0,0
42,1255.3,29.8,2,1,-1,145,1,0,137,8,0,0,0,0,0,0,0,0,0,0,0,0,0,0,0,0,0,0,0,0,0
43,1285.3,29.9,2,1,-1,155,1,0,145,10,0,0,0,0,0,0,0,0,0,0,0,0,0,0,0,0,0,0,0,0,0
44,1315.1,29.8,2,1,-1,157,1,0,144,13,0,0,0,0,0,0,0,0,0,0,0,0,0,0,0,0,0,0,0,0,0
45,1345.0,29.9,2,1,-1,164,1,0,146,18,0,0,0,0,0,0,0,0,0,0,0,0,0,0,0,0,0,0,0,0,0
46,1374.9,29.9,2,1,-1,156,1,0,142,14,0,0,0,0,0,0,0,0,0,0,0,0,0,0,0,0,0,0,0,0,0
47,1404.7,29.8,2,1,-1,160,1,0,146,14,0,0,0,0,0,0,0,0,0,0,0,0,0,0,0,0,0,0,0,0,0
48,1434.6,29.9,2,1,-1,164,1,0,144,20,0,0,0,0,0,0,0,0,0,0,0,0,0,0,0,0,0,0,0,0,0
49,1464.5,29.9,2,1,-1,158,1,0,143,15,0,0,0,0,0,0,0,0,0,0,0,0,0,0,0,0,0,0,0,0,0
50,1494.5,30.0,2,1,-1,165,1,0,147,18,0,0,0,0,0,0,0,0,0,0,0,0,0,0,0,0,0,0,0,0,0
51,1524.3,29.8,2,1,-1,155,1,0,139,16,0,0,0,0,0,0,0,0,0,0,0,0,0,0,0,0,0,0,0,0,0
52,1554.1,29.8,2,1,-1,162,1,0,146,16,0,0,0,0,0,0,0,0,0,0,0,0,0,0,0,0,0,0,0,0,0
53,1583.9,29.8,2,1,-1,164,1,0,144,20,0,0,0,0,0,0,0,0,0,0,0,0,0,0,0,0,0,0,0,0,0
54,1613.8,30.0,2,1,-1,167,1,0,147,20,0,0,0,0,0,0,0,0,0,0,0,0,0,0,0,0,0,0,0,0,0
55,1643.8,30.0,2,1,-1,152,1,0,142,10,0,0,0,0,0,0,0,0,0,0,0,0,0,0,0,0,0,0,0,0,0
56,1673.7,30.0,2,1,-1,158,1,0,145,13,0,0,0,0,0,0,0,0,0,0,0,0,0,0,0,0,0,0,0,0,0
57,1703.6,29.8,2,1,-1,154,1,0,139,15,0,0,0,0,0,0,0,0,0,0,0,0,0,0,0,0,0,0,0,0,0
58,1733.5,30.0,2,1,-1,156,1,0,146,10,0,0,0,0,0,0,0,0,0,0,0,0,0,0,0,0,0,0,0,0,0
59,1763.5,29.9,2,1,-1,160,1,0,142,18,0,0,0,0,0,0,0,0,0,0,0,0,0,0,0,0,0,0,0,0,0
60,1793.3,29.8,2,1,-1,157,1,0,143,14,0,0,0,0,0,0,0,0,0,0,0,0,0,0,0,0,0,0,0,0,0
61,1823.2,29.9,2,1,-1,155,1,0,140,15,0,0,0,0,0,0,0,0,0,0,0,0,0,0,0,0,0,0,0,0,0
62,1853.1,30.0,2,1,-1,157,1,0,143,14,0,0,0,0,0,0,0,0,0,0,0,0,0,0,0,0,0,0,0,0,0
63,1883.0,29.8,2,1,-1,153,1,0,140,13,0,0,0,0,0,0,0,0,0,0,0,0,0,0,0,0,0,0,0,0,0
64,1912.9,29.9,2,1,-1,162,1,0,148,14,0,0,0,0,0,0,0,0,0,0,0,0,0,0,0,0,0,0,0,0,0
65,1942.8,29.9,2,1,-1,154,1,0,144,10,0,0,0,0,0,0,0,0,0,0,0,0,0,0,0,0,0,0,0,0,0
66,1972.8,30.0,2,1,-1,157,1,0,142,15,0,0,0,0,0,0,0,0,0,0,0,0,0,0,0,0,0,0,0,0,0
67,2002.6,29.8,2,1,-1,154,1,0,142,12,0,0,0,0,0,0,0,0,0,0,0,0,0,0,0,0,0,0,0,0,0
68,2032.5,29.9,2,1,-1,151,1,0,140,11,0,0,0,0,0,0,0,0,0,0,0,0,0,0,0,0,0,0,0,0,0
69,2062.4,29.8,2,1,-1,157,1,0,144,13,0,0,0,0,0,0,0,0,0,0,0,0,0,0,0,0,0,0,0,0,0
70,2092.1,29.7,2,1,-1,164,1,0,146,18,0,0,0,0,0,0,0,0,0,0,0,0,0,0,0,0,0,0,0,0,0
71,2121.9,29.8,2,1,-1,162,1,0,144,18,0,0,0,0,0,0,0,0,0,0,0,0,0,0,0,0,0,0,0,0,0
72,2151.8,29.9,2,1,-1,163,1,0,144,19,0,0,0,0,0,0,0,0,0,0,0,0,0,0,0,0,0,0,0,0,0
73,2181.7,29.8,2,1,-1,159,1,0,148,11,0,0,0,0,0,0,0,0,0,0,0,0,0,0,0,0,0,0,0,0,0
74,2211.7,30.0,2,1,-1,151,1,0,141,10,0,0,0,0,0,0,0,0,0,0,0,0,0,0,0,0,0,0,0,0,0
75,2241.6,30.0,2,1,-1,165,1,0,150,15,0,0,0,0,0,0,0,0,0,0,0,0,0,0,0,0,0,0,0,0,0
76,2271.6,30.0,2,1,-1,159,1,0,143,16,0,0,0,0,0,0,0,0,0,0,0,0,0,0,0,0,0,0,0,0,0
77,2301.3,29.8,2,1,-1,151,1,0,139,12,0,0,0,0,0,0,0,0,0,0,0,0,0,0,0,0,0,0,0,0,0
78,2331.3,29.9,2,1,-1,160,1,0,148,12,0,0,0,0,0,0,0,0,0,0,0,0,0,0,0,0,0,0,0,0,0
79,2361.1,29.9,2,1,-1,161,1,0,144,17,0,0,0,0,0,0,0,0,0,0,0,0,0,0,0,0,0,0,0,0,0
80,2390.9,29.8,2,1,-1,160,1,0,141,19,0,0,0,0,0,0,0,0,0,0,0,0,0,0,0,0,0,0,0,0,0
81,2420.9,30.0,2,1,-1,152,1,0,142,10,0,0,0,0,0,0,0,0,0,0,0,0,0,0,0,0,0,0,0,0,0
82,2450.7,29.8,2,1,-1,159,1,0,140,19,0,0,0,0,0,0,0,0,0,0,0,0,0,0,0,0,0,0,0,0,0
83,2480.5,29.8,2,1,-1,162,1,0,144,18,0,0,0,0,0,0,0,0,0,0,0,0,0,0,0,0,0,0,0,0,0
84,2510.4,29.9,2,1,-1,146,1,0,139,7,0,0,0,0,0,0,0,0,0,0,0,0,0,0,0,0,0,0,0,0,0
85,2540.3,29.9,2,1,-1,151,1,0,141,10,0,0,0,0,0,0,0,0,0,0,0,0,0,0,0,0,0,0,0,0,0
86,2570.3,30.0,2,1,-1,151,1,0,141,10,0,0,0,0,0,0,0,0,0,0,0,0,0,0,0,0,0,0,0,0,0
87,2600.2,29.9,2,1,-1,158,1,0,143,15,0,0,0,0,0,0,0,0,0,0,0,0,0,0,0,0,0,0,0,0,0
88,2630.1,29.9,2,1,-1,160,1,0,140,20,0,0,0,0,0,0,0,0,0,0,0,0,0,0,0,0,0,0,0,0,0
89,2659.9,29.9,2,1,-1,150,1,0,141,9,0,0,0,0,0,0,0,0,0,0,0,0,0,0,0,0,0,0,0,0,0
90,2689.8,29.9,2,1,-1,150,1,0,140,10,0,0,0,0,0,0,0,0,0,0,0,0,0,0,0,0,0,0,0,0,0
91,2719.7,29.9,2,1,-1,154,1,0,141,13,0,0,0,0,0,0,0,0,0,0,0,0,0,0,0,0,0,0,0,0,0
92,2749.5,29.9,2,1,-1,161,1,0,144,17,0,0,0,0,0,0,0,0,0,0,0,0,0,0,0,0,0,0,0,0,0
93,2779.4,29.9,2,1,-1,155,1,0,146,9,0,0,0,0,0,0,0,0,0,0,0,0,0,0,0,0,0,0,0,0,0
94,2809.3,29.8,2,1,-1,152,1,0,141,11,0,0,0,0,0,0,0,0,0,0,0,0,0,0,0,0,0,0,0,0,0
95,2839.2,29.9,2,1,-1,157,1,0,142,15,0,0,0,0,0,0,0,0,0,0,0,0,0,0,0,0,0,0,0,0,0
96,2869.1,29.9,2,1,-1,160,1,0,144,16,0,0,0,0,0,0,0,0,0,0,0,0,0,0,0,0,0,0,0,0,0
97,2898.8,29.8,2,1,-1,162,1,0,142,20,0,0,0,0,0,0,0,0,0,0,0,0,0,0,0,0,0,0,0,0,0
98,2928.8,30.0,2,1,-1,153,1,0,140,13,0,0,0,0,0,0,0,0,0,0,0,0,0,0,0,0,0,0,0,0,0
99,2958.8,30.0,2,1,-1,160,1,0,146,14,0,0,0,0,0,0,0,0,0,0,0,0,0,0,0,0,0,0,0,0,0
100,2988.7,29.9,2,1,-1,160,1,0,146,14,0,0,0,0,0,0,0,0,0,0,0,0,0,0,0,0,0,0,0,0,0
101,3018.6,29.9,2,1,-1,162,1,0,145,17,0,0,0,0,0,0,0,0,0,0,0,0,0,0,0,0,0,0,0,0,0
102,3048.5,29.9,2,1,-1,163,1,0,146,17,0,0,0,0,0,0,0,0,0,0,0,0,0,0,0,0,0,0,0,0,0
103,3078.5,30.0,2,1,-1,151,1,0,138,13,0,0,0,0,0,0,0,0,0,0,0,0,0,0,0,0,0,0,0,0,0
104,3108.4,30.0,2,1,-1,155,1,0,146,9,0,0,0,0,0,0,0,0,0,0,0,0,0,0,0,0,0,0,0,0,0
105,3138.3,29.9,2,1,-1,161,1,0,145,16,0,0,0,0,0,0,0,0,0,0,0,0,0,0,0,0,0,0,0,0,0
106,3168.3,30.0,2,1,-1,157,1,0,145,12,0,0,0,0,0,0,0,0,0,0,0,0,0,0,0,0,0,0,0,0,0
107,3198.1,29.9,2,1,-1,162,1,0,147,15,0,0,0,0,0,0,0,0,0,0,0,0,0,0,0,0,0,0,0,0,0
108,3228.0,29.9,2,1,-1,156,1,0,147,9,0,0,0,0,0,0,0,0,0,0,0,0,0,0,0,0,0,0,0,0,0
109,3257.8,29.8,2,1,-1,159,1,0,144,15,0,0,0,0,0,0,0,0,0,0,0,0,0,0,0,0,0,0,0,0,0
110,3287.8,30.0,2,1,-1,166,1,0,146,20,0,0,0,0,0,0,0,0,0,0,0,0,0,0,0,0,0,0,0,0,0
111,3317.8,30.0,2,1,-1,154,1,0,139,15,0,0,0,0,0,0,0,0,0,0,0,0,0,0,0,0,0,0,0,0,0
112,3347.6,29.8,2,1,-1,163,1,0,142,21,0,0,0,0,0,0,0,0,0,0,0,0,0,0,0,0,0,0,0,0,0
113,3377.5,29.9,2,1,-1,158,1,0,144,14,0,0,0,0,0,0,0,0,0,0,0,0,0,0,0,0,0,0,0,0,0
114,3407.5,30.0,2,1,-1,157,1,0,141,16,0,0,0,0,0,0,0,0,0,0,0,0,0,0,0,0,0,0,0,0,0
115,3437.4,29.9,2,1,-1,157,1,0,140,17,0,0,0,0,0,0,0,0,0,0,0,0,0,0,0,0,0,0,0,0,0
116,3467.4,30.0,2,1,-1,167,1,0,147,20,0,0,0,0,0,0,0,0,0,0,0,0,0,0,0,0,0,0,0,0,0
117,3497.4,30.0,2,1,-1,154,1,0,140,14,0,0,0,0,0,0,0,0,0,0,0,0,0,0,0,0,0,0,0,0,0
118,3527.2,29.8,2,1,-1,156,1,0,146,10,0,0,0,0,0,0,0,0,0,0,0,0,0,0,0,0,0,0,0,0,0
119,3557.2,30.0,2,1,-1,155,1,0,143,12,0,0,0,0,0,0,0,0,0,0,0,0,0,0,0,0,0,0,0,0,0
120,3587.1,29.9,2,1,-1,155,1,0,149,6,0,0,0,0,0,0,0,0,0,0,0,0,0,0,0,0,0,0,0,0,0
121,3617.0,29.9,2,1,-1,158,1,0,142,16,0,0,0,0,0,0,0,0,0,0,0,0,0,0,0,0,0,0,0,0,0
122,3646.7,29.8,2,1,-1,164,1,0,142,22,0,0,0,0,0,0,0,0,0,0,0,0,0,0,0,0,0,0,0,0,0
123,3676.6,29.9,2,1,-1,156,1,0,144,12,0,0,0,0,0,0,0,0,0,0,0,0,0,0,0,0,0,0,0,0,0
124,3706.6,30.0,2,1,-1,165,1,0,148,17,0,0,0,0,0,0,0,0,0,0,0,0,0,0,0,0,0,0,0,0,0
125,3736.5,29.9,2,1,-1,150,1,0,142,8,0,0,0,0,0,0,0,0,0,0,0,0,0,0,0,0,0,0,0,0,0
126,3766.4,29.9,2,1,-1,150,1,0,140,10,0,0,0,0,0,0,0,0,0,0,0,0,0,0,0,0,0,0,0,0,0
127,3796.3,29.8,2,1,-1,150,1,0,136,14,0,0,0,0,0,0,0,0,0,0,0,0,0,0,0,0,0,0,0,0,0
128,3826.2,29.9,2,1,-1,164,1,0,146,18,0,0,0,0,0,0,0,0,0,0,0,0,0,0,0,0,0,0,0,0,0
129,3856.0,29.9,2,1,-1,156,1,0,143,13,0,0,0,0,0,0,0,0,0,0,0,0,0,0,0,0,0,0,0,0,0
130,3885.8,29.8,2,1,-1,154,1,0,140,14,0,0,0,0,0,0,0,0,0,0,0,0,0,0,0,0,0,0,0,0,0
131,3915.6,29.8,2,1,-1,163,1,0,150,13,0,0,0,0,0,0,0,0,0,0,0,0,0,0,0,0,0,0,0,0,0
132,3945.5,29.8,2,1,-1,159,1,0,144,15,0,0,0,0,0,0,0,0,0,0,0,0,0,0,0,0,0,0,0,0,0
133,3975.3,29.8,2,1,-1,151,1,0,144,7,0,0,0,0,0,0,0,0,0,0,0,0,0,0,0,0,0,0,0,0,0
134,4005.0,29.8,2,1,-1,160,1,0,142,18,0,0,0,0,0,0,0,0,0,0,0,0,0,0,0,0,0,0,0,0,0
135,4034.8,29.8,2,1,-1,160,1,0,144,16,0,0,0,0,0,0,0,0,0,0,0,0,0,0,0,0,0,0,0,0,0
136,4064.7,29.9,2,1,-1,158,1,0,143,15,0,0,0,0,0,0,0,0,0,0,0,0,0,0,0,0,0,0,0,0,0
137,4094.6,29.9,2,1,-1,165,1,0,144,21,0,0,0,0,0,0,0,0,0,0,0,0,0,0,0,0,0,0,0,0,0
138,4124.5,29.9,2,1,-1,155,1,0,143,12,0,0,0,0,0,0,0,0,0,0,0,0,0,0,0,0,0,0,0,0,0
139,4154.4,29.9,2,1,-1,160,1,0,140,20,0,0,0,0,0,0,0,0,0,0,0,0,0,0,0,0,0,0,0,0,0
140,4184.2,29.8,2,1,-1,156,1,0,143,13,0,0,0,0,0,0,0,0,0,0,0,0,0,0,0,0,0,0,0,0,0
141,4214.2,29.9,2,1,-1,147,1,0,134,13,0,0,0,0,0,0,0,0,0,0,0,0,0,0,0,0,0,0,0,0,0
142,4244.1,30.0,2,1,-1,154,1,0,144,10,0,0,0,0,0,0,0,0,0,0,0,0,0,0,0,0,0,0,0,0,0
143,4274.0,29.9,2,1,-1,154,1,0,144,10,0,0,0,0,0,0,0,0,0,0,0,0,0,0,0,0,0,0,0,0,0
144,4303.9,29.9,2,1,-1,149,1,0,142,7,0,0,0,0,0,0,0,0,0,0,0,0,0,0,0,0,0,0,0,0,0
145,4333.7,29.8,2,1,-1,159,1,0,144,15,0,0,0,0,0,0,0,0,0,0,0,0,0,0,0,0,0,0,0,0,0
146,4363.6,29.9,2,1,-1,153,1,0,137,16,0,0,0,0,0,0,0,0,0,0,0,0,0,0,0,0,0,0,0,0,0
147,4393.5,29.9,2,1,-1,151,1,0,138,13,0,0,0,0,0,0,0,0,0,0,0,0,0,0,0,0,0,0,0,0,0
148,4423.4,29.9,2,1,-1,156,1,0,142,14,0,0,0,0,0,0,0,0,0,0,0,0,0,0,0,0,0,0,0,0,0
149,4453.3,29.8,2,1,-1,151,1,0,140,11,0,0,0,0,0,0,0,0,0,0,0,0,0,0,0,0,0,0,0,0,0
150,4483.1,29.9,2,1,-1,165,1,0,145,20,0,0,0,0,0,0,0,0,0,0,0,0,0,0,0,0,0,0,0,0,0
151,4513.0,29.8,2,1,-1,160,1,0,143,17,0,0,0,0,0,0,0,0,0,0,0,0,0,0,0,0,0,0,0,0,0
152,4542.9,29.9,2,1,-1,164,1,0,146,18,0,0,0,0,0,0,0,0,0,0,0,0,0,0,0,0,0,0,0,0,0
153,4572.8,29.9,2,1,-1,151,1,0,139,12,0,0,0,0,0,0,0,0,0,0,0,0,0,0,0,0,0,0,0,0,0
154,4602.7,29.9,2,1,-1,161,1,0,145,16,0,0,0,0,0,0,0,0,0,0,0,0,0,0,0,0,0,0,0,0,0
155,4632.6,29.9,2,1,-1,154,1,0,141,13,0,0,0,0,0,0,0,0,0,0,0,0,0,0,0,0,0,0,0,0,0
156,4662.6,30.0,2,1,-1,155,1,0,139,16,0,0,0,0,0,0,0,0,0,0,0,0,0,0,0,0,0,0,0,0,0
157,4692.5,29.9,2,1,-1,156,1,0,140,16,0,0,0,0,0,0,0,0,0,0,0,0,0,0,0,0,0,0,0,0,0
158,4722.4,29.9,2,1,-1,158,1,0,139,19,0,0,0,0,0,0,0,0,0,0,0,0,0,0,0,0,0,0,0,0,0
159,4752.4,29.9,2,1,-1,158,1,0,145,13,0,0,0,0,0,0,0,0,0,0,0,0,0,0,0,0,0,0,0,0,0
160,4782.3,29.9,2,1,-1,154,1,0,140,14,0,0,0,0,0,0,0,0,0,0,0,0,0,0,0,0,0,0,0,0,0
161,4812.2,29.9,2,1,-1,160,1,0,147,13,0,0,0,0,0,0,0,0,0,0,0,0,0,0,0,0,0,0,0,0,0
162,4842.0,29.9,2,1,-1,158,1,0,145,13,0,0,0,0,0,0,0,0,0,0,0,0,0,0,0,0,0,0,0,0,0
163,4872.0,30.0,2,1,-1,160,1,0,144,16,0,0,0,0,0,0,0,0,0,0,0,0,0,0,0,0,0,0,0,0,0
164,4901.9,29.9,2,1,-1,159,1,0,145,14,0,0,0,0,0,0,0,0,0,0,0,0,0,0,0,0,0,0,0,0,0
165,4931.7,29.8,2,1,-1,154,1,0,140,14,0,0,0,0,0,0,0,0,0,0,0,0,0,0,0,0,0,0,0,0,0
166,4961.6,29.9,2,1,-1,156,1,0,143,13,0,0,0,0,0,0,0,0,0,0,0,0,0,0,0,0,0,0,0,0,0
167,4991.5,29.9,2,1,-1,163,1,0,148,15,0,0,0,0,0,0,0,0,0,0,0,0,0,0,0,0,0,0,0,0,0
168,5021.4,30.0,2,1,-1,153,1,0,139,14,0,0,0,0,0,0,0,0,0,0,0,0,0,0,0,0,0,0,0,0,0
169,5051.3,29.8,2,1,-1,157,1,0,147,10,0,0,0,0,0,0,0,0,0,0,0,0,0,0,0,0,0,0,0,0,0
170,5081.1,29.8,2,1,-1,157,1,0,140,17,0,0,0,0,0,0,0,0,0,0,0,0,0,0,0,0,0,0,0,0,0
171,5111.0,29.9,2,1,-1,155,1,0,138,17,0,0,0,0,0,0,0,0,0,0,0,0,0,0,0,0,0,0,0,0,0
172,5140.9,29.9,2,1,-1,155,1,0,139,16,0,0,0,0,0,0,0,0,0,0,0,0,0,0,0,0,0,0,0,0,0
173,5170.9,30.0,2,1,-1,152,1,0,140,12,0,0,0,0,0,0,0,0,0,0,0,0,0,0,0,0,0,0,0,0,0
174,5200.7,29.9,2,1,-1,160,1,0,146,14,0,0,0,0,0,0,0,0,0,0,0,0,0,0,0,0,0,0,0,0,0
175,5230.6,29.8,2,1,-1,158,1,0,147,11,0,0,0,0,0,0,0,0,0,0,0,0,0,0,0,0,0,0,0,0,0
176,5260.5,30.0,2,1,-1,157,1,0,146,11,0,0,0,0,0,0,0,0,0,0,0,0,0,0,0,0,0,0,0,0,0
177,5290.4,29.9,2,1,-1,163,1,0,139,24,0,0,0,0,0,0,0,0,0,0,0,0,0,0,0,0,0,0,0,0,0
178,5320.3,29.9,2,1,-1,162,1,0,144,18,0,0,0,0,0,0,0,0,0,0,0,0,0,0,0,0,0,0,0,0,0
179,5350.1,29.8,2,1,-1,159,1,0,143,16,0,0,0,0,0,0,0,0,0,0,0,0,0,0,0,0,0,0,0,0,0
180,5379.9,29.8,2,1,-1,160,1,0,143,17,0,0,0,0,0,0,0,0,0,0,0,0,0,0,0,0,0,0,0,0,0
181,5409.5,29.6,2,1,-1,155,1,0,144,11,0,0,0,0,0,0,0,0,0,0,0,0,0,0,0,0,0,0,0,0,0
182,5439.4,29.9,2,1,-1,160,1,0,143,17,0,0,0,0,0,0,0,0,0,0,0,0,0,0,0,0,0,0,0,0,0
183,5469.3,29.9,2,1,-1,157,1,0,143,14,0,0,0,0,0,0,0,0,0,0,0,0,0,0,0,0,0,0,0,0,0
184,5499.2,29.9,2,1,-1,157,1,0,145,12,0,0,0,0,0,0,0,0,0,0,0,0,0,0,0,0,0,0,0,0,0
185,5529.0,29.8,2,1,-1,155,1,0,143,12,0,0,0,0,0,0,0,0,0,0,0,0,0,0,0,0,0,0,0,0,0
186,5559.0,30.0,2,1,-1,159,1,0,143,16,0,0,0,0,0,0,0,0,0,0,0,0,0,0,0,0,0,0,0,0,0
187,5588.9,29.8,2,1,-1,156,1,0,140,16,0,0,0,0,0,0,0,0,0,0,0,0,0,0,0,0,0,0,0,0,0
188,5618.7,29.9,2,1,-1,156,1,0,142,14,0,0,0,0,0,0,0,0,0,0,0,0,0,0,0,0,0,0,0,0,0
189,5648.7,29.9,2,1,-1,155,1,0,143,12,0,0,0,0,0,0,0,0,0,0,0,0,0,0,0,0,0,0,0,0,0
190,5678.6,29.9,2,1,-1,164,1,0,146,18,0,0,0,0,0,0,0,0,0,0,0,0,0,0,0,0,0,0,0,0,0
191,5708.4,29.8,2,1,-1,160,1,0,147,13,0,0,0,0,0,0,0,0,0,0,0,0,0,0,0,0,0,0,0,0,0
192,5738.3,30.0,2,1,-1,159,1,0,144,15,0,0,0,0,0,0,0,0,0,0,0,0,0,0,0,0,0,0,0,0,0
193,5768.3,30.0,2,1,-1,160,1,0,144,16,0,0,0,0,0,0,0,0,0,0,0,0,0,0,0,0,0,0,0,0,0
194,5798.2,29.8,2,1,-1,161,1,0,141,20,0,0,0,0,0,0,0,0,0,0,0,0,0,0,0,0,0,0,0,0,0
195,5828.1,29.9,2,1,-1,154,1,0,142,12,0,0,0,0,0,0,0,0,0,0,0,0,0,0,0,0,0,0,0,0,0
196,5858.0,29.9,2,1,-1,162,1,0,148,14,0,0,0,0,0,0,0,0,0,0,0,0,0,0,0,0,0,0,0,0,0
197,5887.9,30.0,2,1,-1,158,1,0,145,13,0,0,0,0,0,0,0,0,0,0,0,0,0,0,0,0,0,0,0,0,0
198,5917.9,29.9,2,1,-1,157,1,0,144,13,0,0,0,0,0,0,0,0,0,0,0,0,0,0,0,0,0,0,0,0,0
199,5947.6,29.8,2,1,-1,157,1,0,141,16,0,0,0,0,0,0,0,0,0,0,0,0,0,0,0,0,0,0,0,0,0
200,5977.3,29.7,2,1,-1,154,1,0,142,12,0,0,0,0,0,0,0,0,0,0,0,0,0,0,0,0,0,0,0,0,0
201,6007.1,29.9,2,1,-1,154,1,0,138,16,0,0,0,0,0,0,0,0,0,0,0,0,0,0,0,0,0,0,0,0,0
202,6037.0,29.8,2,1,-1,162,1,0,146,16,0,0,0,0,0,0,0,0,0,0,0,0,0,0,0,0,0,0,0,0,0
203,6066.9,29.9,2,1,-1,156,1,0,144,12,0,0,0,0,0,0,0,0,0,0,0,0,0,0,0,0,0,0,0,0,0
204,6096.8,29.9,2,1,-1,150,1,0,139,11,0,0,0,0,0,0,0,0,0,0,0,0,0,0,0,0,0,0,0,0,0
205,6126.6,29.8,2,1,-1,159,1,0,145,14,0,0,0,0,0,0,0,0,0,0,0,0,0,0,0,0,0,0,0,0,0
206,6156.6,29.9,2,1,-1,155,1,0,143,12,0,0,0,0,0,0,0,0,0,0,0,0,0,0,0,0,0,0,0,0,0
207,6186.5,29.9,2,1,-1,161,1,0,142,19,0,0,0,0,0,0,0,0,0,0,0,0,0,0,0,0,0,0,0,0,0
208,6216.4,29.9,2,1,-1,156,1,0,141,15,0,0,0,0,0,0,0,0,0,0,0,0,0,0,0,0,0,0,0,0,0
209,6246.1,29.7,2,1,-1,154,1,0,140,14,0,0,0,0,0,0,0,0,0,0,0,0,0,0,0,0,0,0,0,0,0
210,6276.0,29.9,2,1,-1,155,1,0,142,13,0,0,0,0,0,0,0,0,0,0,0,0,0,0,0,0,0,0,0,0,0
211,6305.9,29.9,2,1,-1,155,1,0,138,17,0,0,0,0,0,0,0,0,0,0,0,0,0,0,0,0,0,0,0,0,0
212,6335.9,30.0,2,1,-1,160,1,0,147,13,0,0,0,0,0,0,0,0,0,0,0,0,0,0,0,0,0,0,0,0,0
213,6365.7,29.8,2,1,-1,152,1,0,142,10,0,0,0,0,0,0,0,0,0,0,0,0,0,0,0,0,0,0,0,0,0
214,6395.5,29.8,2,1,-1,157,1,0,147,10,0,0,0,0,0,0,0,0,0,0,0,0,0,0,0,0,0,0,0,0,0
215,6425.2,29.7,2,1,-1,150,1,0,138,12,0,0,0,0,0,0,0,0,0,0,0,0,0,0,0,0,0,0,0,0,0
216,6455.0,29.8,2,1,-1,157,1,0,144,13,0,0,0,0,0,0,0,0,0,0,0,0,0,0,0,0,0,0,0,0,0
217,6484.9,29.9,2,1,-1,154,1,0,143,11,0,0,0,0,0,0,0,0,0,0,0,0,0,0,0,0,0,0,0,0,0
218,6514.9,29.9,2,1,-1,165,1,0,146,19,0,0,0,0,0,0,0,0,0,0,0,0,0,0,0,0,0,0,0,0,0
219,6544.7,29.9,2,1,-1,152,1,0,140,12,0,0,0,0,0,0,0,0,0,0,0,0,0,0,0,0,0,0,0,0,0
220,6574.5,29.8,2,1,-1,150,1,0,142,8,0,0,0,0,0,0,0,0,0,0,0,0,0,0,0,0,0,0,0,0,0
221,6604.5,30.0,2,1,-1,164,1,0,143,21,0,0,0,0,0,0,0,0,0,0,0,0,0,0,0,0,0,0,0,0,0
222,6634.4,29.9,2,1,-1,161,1,0,145,16,0,0,0,0,0,0,0,0,0,0,0,0,0,0,0,0,0,0,0,0,0
223,6664.2,29.8,2,1,-1,159,1,0,144,15,0,0,0,0,0,0,0,0,0,0,0,0,0,0,0,0,0,0,0,0,0
224,6694.2,30.0,2,1,-1,157,1,0,145,12,0,0,0,0,0,0,0,0,0,0,0,0,0,0,0,0,0,0,0,0,0
225,6724.2,30.0,2,1,-1,156,1,0,146,10,0,0,0,0,0,0,0,0,0,0,0,0,0,0,0,0,0,0,0,0,0
226,6754.1,29.9,2,1,-1,147,1,0,138,9,0,0,0,0,0,0,0,0,0,0,0,0,0,0,0,0,0,0,0,0,0
227,6783.9,29.8,2,1,-1,157,1,0,143,14,0,0,0,0,0,0,0,0,0,0,0,0,0,0,0,0,0,0,0,0,0
228,6813.8,29.9,2,1,-1,152,1,0,141,11,0,0,0,0,0,0,0,0,0,0,0,0,0,0,0,0,0,0,0,0,0
229,6843.7,29.9,2,1,-1,160,1,0,139,21,0,0,0,0,0,0,0,0,0,0,0,0,0,0,0,0,0,0,0,0,0
230,6873.6,29.9,2,1,-1,160,1,0,144,16,0,0,0,0,0,0,0,0,0,0,0,0,0,0,0,0,0,0,0,0,0
231,6903.6,30.0,2,1,-1,151,1,0,140,11,0,0,0,0,0,0,0,0,0,0,0,0,0,0,0,0,0,0,0,0,0
232,6933.6,29.9,2,1,-1,159,1,0,142,17,0,0,0,0,0,0,0,0,0,0,0,0,0,0,0,0,0,0,0,0,0
233,6963.4,29.9,2,1,-1,157,1,0,143,14,0,0,0,0,0,0,0,0,0,0,0,0,0,0,0,0,0,0,0,0,0
234,6993.3,29.9,2,1,-1,158,1,0,149,9,0,0,0,0,0,0,0,0,0,0,0,0,0,0,0,0,0,0,0,0,0
235,7023.2,29.9,2,1,-1,166,1,0,144,22,0,0,0,0,0,0,0,0,0,0,0,0,0,0,0,0,0,0,0,0,0
236,7053.2,29.9,2,1,-1,167,1,0,146,21,0,0,0,0,0,0,0,0,0,0,0,0,0,0,0,0,0,0,0,0,0
237,7083.1,30.0,2,1,-1,157,1,0,145,12,0,0,0,0,0,0,0,0,0,0,0,0,0,0,0,0,0,0,0,0,0
238,7113.1,29.9,2,1,-1,164,1,0,146,18,0,0,0,0,0,0,0,0,0,0,0,0,0,0,0,0,0,0,0,0,0
239,7143.1,30.0,2,1,-1,151,1,0,142,9,0,0,0,0,0,0,0,0,0,0,0,0,0,0,0,0,0,0,0,0,0
240,7173.0,29.9,2,1,-1,158,1,0,147,11,0,0,0,0,0,0,0,0,0,0,0,0,0,0,0,0,0,0,0,0,0
241,7202.8,29.8,2,1,-1,153,1,0,142,11,0,0,0,0,0,0,0,0,0,0,0,0,0,0,0,0,0,0,0,0,0
242,7232.8,29.9,2,1,-1,161,1,0,144,17,0,0,0,0,0,0,0,0,0,0,0,0,0,0,0,0,0,0,0,0,0
243,7262.7,29.9,2,1,-1,156,1,0,145,11,0,0,0,0,0,0,0,0,0,0,0,0,0,0,0,0,0,0,0,0,0
244,7292.6,30.0,2,1,-1,158,1,0,146,12,0,0,0,0,0,0,0,0,0,0,0,0,0,0,0,0,0,0,0,0,0
245,7322.4,29.8,2,1,-1,163,1,0,147,16,0,0,0,0,0,0,0,0,0,0,0,0,0,0,0,0,0,0,0,0,0
246,7352.4,29.9,2,1,-1,155,1,0,143,12,0,0,0,0,0,0,0,0,0,0,0,0,0,0,0,0,0,0,0,0,0
247,7382.3,30.0,2,1,-1,158,1,0,141,17,0,0,0,0,0,0,0,0,0,0,0,0,0,0,0,0,0,0,0,0,0
248,7412.3,30.0,2,1,-1,166,1,0,147,19,0,0,0,0,0,0,0,0,0,0,0,0,0,0,0,0,0,0,0,0,0
249,7442.0,29.7,2,1,-1,160,1,0,141,19,0,0,0,0,0,0,0,0,0,0,0,0,0,0,0,0,0,0,0,0,0
250,7471.8,29.8,2,1,-1,160,1,0,139,21,0,0,0,0,0,0,0,0,0,0,0,0,0,0,0,0,0,0,0,0,0
251,7501.7,29.9,2,1,-1,158,1,0,145,13,0,0,0,0,0,0,0,0,0,0,0,0,0,0,0,0,0,0,0,0,0
252,7531.6,29.9,2,1,-1,165,1,0,145,20,0,0,0,0,0,0,0,0,0,0,0,0,0,0,0,0,0,0,0,0,0
253,7561.5,29.9,2,1,-1,163,1,0,149,14,0,0,0,0,0,0,0,0,0,0,0,0,0,0,0,0,0,0,0,0,0
254,7591.5,30.0,2,1,-1,155,1,0,143,12,0,0,0,0,0,0,0,0,0,0,0,0,0,0,0,0,0,0,0,0,0
255,7621.4,29.9,2,1,-1,156,1,0,147,9,0,0,0,0,0,0,0,0,0,0,0,0,0,0,0,0,0,0,0,0,0
256,7651.4,30.0,2,1,-1,164,1,0,148,16,0,0,0,0,0,0,0,0,0,0,0,0,0,0,0,0,0,0,0,0,0
257,7681.3,29.9,2,1,-1,159,1,0,144,15,0,0,0,0,0,0,0,0,0,0,0,0,0,0,0,0,0,0,0,0,0
258,7711.3,30.0,2,1,-1,157,1,0,143,14,0,0,0,0,0,0,0,0,0,0,0,0,0,0,0,0,0,0,0,0,0
259,7741.2,29.9,2,1,-1,165,1,0,145,20,0,0,0,0,0,0,0,0,0,0,0,0,0,0,0,0,0,0,0,0,0
260,7771.0,29.8,2,1,-1,158,1,0,146,12,0,0,0,0,0,0,0,0,0,0,0,0,0,0,0,0,0,0,0,0,0
261,7800.7,29.7,2,1,-1,155,1,0,140,15,0,0,0,0,0,0,0,0,0,0,0,0,0,0,0,0,0,0,0,0,0
262,7830.7,30.0,2,1,-1,160,1,0,144,16,0,0,0,0,0,0,0,0,0,0,0,0,0,0,0,0,0,0,0,0,0
263,7860.5,29.9,2,1,-1,156,1,0,143,13,0,0,0,0,0,0,0,0,0,0,0,0,0,0,0,0,0,0,0,0,0
264,7890.5,30.0,2,1,-1,159,1,0,147,12,0,0,0,0,0,0,0,0,0,0,0,0,0,0,0,0,0,0,0,0,0
265,7920.5,29.9,2,1,-1,164,1,0,146,18,0,0,0,0,0,0,0,0,0,0,0,0,0,0,0,0,0,0,0,0,0
266,7950.5,30.0,2,1,-1,154,1,0,144,10,0,0,0,0,0,0,0,0,0,0,0,0,0,0,0,0,0,0,0,0,0
267,7980.2,29.8,2,1,-1,151,1,0,144,7,0,0,0,0,0,0,0,0,0,0,0,0,0,0,0,0,0,0,0,0,0
268,8010.2,30.0,2,1,-1,160,1,0,145,15,0,0,0,0,0,0,0,0,0,0,0,0,0,0,0,0,0,0,0,0,0
269,8040.1,29.8,2,1,-1,160,1,0,144,16,0,0,0,0,0,0,0,0,0,0,0,0,0,0,0,0,0,0,0,0,0
270,8070.0,29.9,2,1,-1,159,1,0,146,13,0,0,0,0,0,0,0,0,0,0,0,0,0,0,0,0,0,0,0,0,0
271,8099.9,29.9,2,1,-1,148,1,0,138,10,0,0,0,0,0,0,0,0,0,0,0,0,0,0,0,0,0,0,0,0,0
272,8129.8,29.9,2,1,-1,164,1,0,144,20,0,0,0,0,0,0,0,0,0,0,0,0,0,0,0,0,0,0,0,0,0
273,8159.8,30.0,2,1,-1,154,1,0,138,16,0,0,0,0,0,0,0,0,0,0,0,0,0,0,0,0,0,0,0,0,0
274,8189.8,30.0,2,1,-1,160,1,0,145,15,0,0,0,0,0,0,0,0,0,0,0,0,0,0,0,0,0,0,0,0,0
275,8219.6,29.8,2,1,-1,159,1,0,145,14,0,0,0,0,0,0,0,0,0,0,0,0,0,0,0,0,0,0,0,0,0
276,8249.4,29.8,2,1,-1,153,1,0,143,10,0,0,0,0,0,0,0,0,0,0,0,0,0,0,0,0,0,0,0,0,0
277,8279.4,30.0,2,1,-1,164,1,0,149,15,0,0,0,0,0,0,0,0,0,0,0,0,0,0,0,0,0,0,0,0,0
278,8309.2,29.8,2,1,-1,154,1,0,142,12,0,0,0,0,0,0,0,0,0,0,0,0,0,0,0,0,0,0,0,0,0
279,8339.1,29.8,2,1,-1,159,1,0,147,12,0,0,0,0,0,0,0,0,0,0,0,0,0,0,0,0,0,0,0,0,0
280,8368.9,29.9,2,1,-1,153,1,0,142,11,0,0,0,0,0,0,0,0,0,0,0,0,0,0,0,0,0,0,0,0,0
281,8398.8,29.9,2,1,-1,161,1,0,148,13,0,0,0,0,0,0,0,0,0,0,0,0,0,0,0,0,0,0,0,0,0
282,8428.8,30.0,2,1,-1,154,1,0,145,9,0,0,0,0,0,0,0,0,0,0,0,0,0,0,0,0,0,0,0,0,0
283,8458.7,30.0,2,1,-1,168,1,0,145,23,0,0,0,0,0,0,0,0,0,0,0,0,0,0,0,0,0,0,0,0,0
284,8488.7,30.0,2,1,-1,161,1,0,144,17,0,0,0,0,0,0,0,0,0,0,0,0,0,0,0,0,0,0,0,0,0
285,8518.5,29.8,2,1,-1,152,1,0,143,9,0,0,0,0,0,0,0,0,0,0,0,0,0,0,0,0,0,0,0,0,0
286,8548.4,29.9,2,1,-1,155,1,0,143,12,0,0,0,0,0,0,0,0,0,0,0,0,0,0,0,0,0,0,0,0,0
287,8578.2,29.8,2,1,-1,168,1,0,149,19,0,0,0,0,0,0,0,0,0,0,0,0,0,0,0,0,0,0,0,0,0
288,8608.1,29.8,2,1,-1,155,1,0,141,14,0,0,0,0,0,0,0,0,0,0,0,0,0,0,0,0,0,0,0,0,0
289,8637.9,29.8,2,1,-1,155,1,0,143,12,0,0,0,0,0,0,0,0,0,0,0,0,0,0,0,0,0,0,0,0,0
290,8667.8,29.8,2,1,-1,161,1,0,147,14,0,0,0,0,0,0,0,0,0,0,0,0,0,0,0,0,0,0,0,0,0
291,8697.6,29.8,2,1,-1,155,1,0,141,14,0,0,0,0,0,0,0,0,0,0,0,0,0,0,0,0,0,0,0,0,0
292,8727.4,29.8,2,1,-1,161,1,0,144,17,0,0,0,0,0,0,0,0,0,0,0,0,0,0,0,0,0,0,0,0,0
293,8757.1,29.7,2,1,-1,154,1,0,142,12,0,0,0,0,0,0,0,0,0,0,0,0,0,0,0,0,0,0,0,0,0
294,8787.0,29.9,2,1,-1,156,1,0,142,14,0,0,0,0,0,0,0,0,0,0,0,0,0,0,0,0,0,0,0,0,0
295,8817.0,29.9,2,1,-1,158,1,0,144,14,0,0,0,0,0,0,0,0,0,0,0,0,0,0,0,0,0,0,0,0,0
296,8846.8,29.9,2,1,-1,165,1,0,145,20,0,0,0,0,0,0,0,0,0,0,0,0,0,0,0,0,0,0,0,0,0
297,8876.7,29.8,2,1,-1,157,1,0,141,16,0,0,0,0,0,0,0,0,0,0,0,0,0,0,0,0,0,0,0,0,0
298,8906.5,29.9,2,1,-1,157,1,0,142,15,0,0,0,0,0,0,0,0,0,0,0,0,0,0,0,0,0,0,0,0,0
299,8936.5,29.9,2,1,-1,160,1,0,143,17,0,0,0,0,0,0,0,0,0,0,0,0,0,0,0,0,0,0,0,0,0
300,8966.2,29.7,2,1,-1,165,1,0,143,22,0,0,0,0,0,0,0,0,0,0,0,0,0,0,0,0,0,0,0,0,0
301,8996.1,29.9,2,1,-1,161,1,0,144,17,0,0,0,0,0,0,0,0,0,0,0,0,0,0,0,0,0,0,0,0,0
302,9025.9,29.8,2,1,-1,155,1,0,140,15,0,0,0,0,0,0,0,0,0,0,0,0,0,0,0,0,0,0,0,0,0
303,9055.7,29.8,2,1,-1,153,1,0,141,12,0,0,0,0,0,0,0,0,0,0,0,0,0,0,0,0,0,0,0,0,0
304,9085.6,29.9,2,1,-1,159,1,0,138,21,0,0,0,0,0,0,0,0,0,0,0,0,0,0,0,0,0,0,0,0,0
305,9115.5,29.9,2,1,-1,158,1,0,144,14,0,0,0,0,0,0,0,0,0,0,0,0,0,0,0,0,0,0,0,0,0
306,9145.3,29.9,2,1,-1,154,1,0,143,11,0,0,0,0,0,0,0,0,0,0,0,0,0,0,0,0,0,0,0,0,0
307,9175.3,30.0,2,1,-1,156,1,0,144,12,0,0,0,0,0,0,0,0,0,0,0,0,0,0,0,0,0,0,0,0,0
308,9205.3,30.0,2,1,-1,157,1,0,140,17,0,0,0,0,0,0,0,0,0,0,0,0,0,0,0,0,0,0,0,0,0
309,9235.2,29.9,2,1,-1,148,1,0,140,8,0,0,0,0,0,0,0,0,0,0,0,0,0,0,0,0,0,0,0,0,0
310,9265.1,29.9,2,1,-1,160,1,0,143,17,0,0,0,0,0,0,0,0,0,0,0,0,0,0,0,0,0,0,0,0,0
311,9295.0,29.9,2,1,-1,157,1,0,144,13,0,0,0,0,0,0,0,0,0,0,0,0,0,0,0,0,0,0,0,0,0
312,9324.9,29.9,2,1,-1,155,1,0,142,13,0,0,0,0,0,0,0,0,0,0,0,0,0,0,0,0,0,0,0,0,0
313,9354.8,29.9,2,1,-1,150,1,0,139,11,0,0,0,0,0,0,0,0,0,0,0,0,0,0,0,0,0,0,0,0,0
314,9384.5,29.8,2,1,-1,159,1,0,142,17,0,0,0,0,0,0,0,0,0,0,0,0,0,0,0,0,0,0,0,0,0
315,9414.5,29.9,2,1,-1,156,1,0,141,15,0,0,0,0,0,0,0,0,0,0,0,0,0,0,0,0,0,0,0,0,0
316,9444.4,29.9,2,1,-1,156,1,0,141,15,0,0,0,0,0,0,0,0,0,0,0,0,0,0,0,0,0,0,0,0,0
317,9474.0,29.6,2,1,-1,162,1,0,142,20,0,0,0,0,0,0,0,0,0,0,0,0,0,0,0,0,0,0,0,0,0
318,9504.0,30.0,2,1,-1,153,1,0,141,12,0,0,0,0,0,0,0,0,0,0,0,0,0,0,0,0,0,0,0,0,0
319,9533.9,29.9,2,1,-1,159,1,0,145,14,0,0,0,0,0,0,0,0,0,0,0,0,0,0,0,0,0,0,0,0,0
320,9563.8,29.9,2,1,-1,151,1,0,138,13,0,0,0,0,0,0,0,0,0,0,0,0,0,0,0,0,0,0,0,0,0
321,9593.7,29.9,2,1,-1,159,1,0,143,16,0,0,0,0,0,0,0,0,0,0,0,0,0,0,0,0,0,0,0,0,0
322,9623.5,29.8,2,1,-1,156,1,0,140,16,0,0,0,0,0,0,0,0,0,0,0,0,0,0,0,0,0,0,0,0,0
323,9653.4,29.9,2,1,-1,159,1,0,143,16,0,0,0,0,0,0,0,0,0,0,0,0,0,0,0,0,0,0,0,0,0
324,9683.1,29.8,2,1,-1,150,1,0,139,11,0,0,0,0,0,0,0,0,0,0,0,0,0,0,0,0,0,0,0,0,0
325,9712.9,29.8,2,1,-1,160,1,0,139,21,0,0,0,0,0,0,0,0,0,0,0,0,0,0,0,0,0,0,0,0,0
326,9742.7,29.8,2,1,-1,157,1,0,143,14,0,0,0,0,0,0,0,0,0,0,0,0,0,0,0,0,0,0,0,0,0
327,9772.6,29.9,2,1,-1,158,1,0,146,12,0,0,0,0,0,0,0,0,0,0,0,0,0,0,0,0,0,0,0,0,0
328,9802.6,30.0,2,1,-1,152,1,0,141,11,0,0,0,0,0,0,0,0,0,0,0,0,0,0,0,0,0,0,0,0,0
329,9832.4,29.8,2,1,-1,151,1,0,140,11,0,0,0,0,0,0,0,0,0,0,0,0,0,0,0,0,0,0,0,0,0
330,9862.3,29.8,2,1,-1,159,1,0,147,12,0,0,0,0,0,0,0,0,0,0,0,0,0,0,0,0,0,0,0,0,0
331,9892.2,29.9,2,1,-1,161,1,0,145,16,0,0,0,0,0,0,0,0,0,0,0,0,0,0,0,0,0,0,0,0,0
332,9922.1,29.9,2,1,-1,160,1,0,145,15,0,0,0,0,0,0,0,0,0,0,0,0,0,0,0,0,0,0,0,0,0
333,9952.0,29.9,2,1,-1,154,1,0,141,13,0,0,0,0,0,0,0,0,0,0,0,0,0,0,0,0,0,0,0,0,0
334,9982.0,29.9,2,1,-1,158,1,0,144,14,0,0,0,0,0,0,0,0,0,0,0,0,0,0,0,0,0,0,0,0,0
335,10011.9,30.0,2,1,-1,164,1,0,148,16,0,0,0,0,0,0,0,0,0,0,0,0,0,0,0,0,0,0,0,0,0
336,10041.8,29.8,2,1,-1,162,1,0,140,22,0,0,0,0,0,0,0,0,0,0,0,0,0,0,0,0,0,0,0,0,0
337,10071.7,29.9,2,1,-1,157,1,0,146,11,0,0,0,0,0,0,0,0,0,0,0,0,0,0,0,0,0,0,0,0,0
338,10101.6,29.9,2,1,-1,160,1,0,143,17,0,0,0,0,0,0,0,0,0,0,0,0,0,0,0,0,0,0,0,0,0
339,10131.5,29.9,2,1,-1,171,1,0,146,25,0,0,0,0,0,0,0,0,0,0,0,0,0,0,0,0,0,0,0,0,0
340,10161.5,29.9,2,1,-1,160,1,0,143,17,0,0,0,0,0,0,0,0,0,0,0,0,0,0,0,0,0,0,0,0,0
341,10191.5,30.0,2,1,-1,172,1,0,149,23,0,0,0,0,0,0,0,0,0,0,0,0,0,0,0,0,0,0,0,0,0
342,10221.4,29.9,2,1,-1,156,1,0,144,12,0,0,0,0,0,0,0,0,0,0,0,0,0,0,0,0,0,0,0,0,0
343,10251.3,29.9,2,1,-1,148,1,0,141,7,0,0,0,0,0,0,0,0,0,0,0,0,0,0,0,0,0,0,0,0,0
344,10281.0,29.8,2,1,-1,148,1,0,141,7,0,0,0,0,0,0,0,0,0,0,0,0,0,0,0,0,0,0,0,0,0
345,10310.9,29.9,2,1,-1,157,1,0,143,14,0,0,0,0,0,0,0,0,0,0,0,0,0,0,0,0,0,0,0,0,0
346,10340.7,29.8,2,1,-1,156,1,0,145,11,0,0,0,0,0,0,0,0,0,0,0,0,0,0,0,0,0,0,0,0,0
347,10370.6,29.9,2,1,-1,160,1,0,142,18,0,0,0,0,0,0,0,0,0,0,0,0,0,0,0,0,0,0,0,0,0
348,10400.5,29.9,2,1,-1,160,1,0,145,15,0,0,0,0,0,0,0,0,0,0,0,0,0,0,0,0,0,0,0,0,0
349,10430.4,29.9,2,1,-1,157,1,0,140,17,0,0,0,0,0,0,0,0,0,0,0,0,0,0,0,0,0,0,0,0,0
350,10460.2,29.8,2,1,-1,156,1,0,141,15,0,0,0,0,0,0,0,0,0,0,0,0,0,0,0,0,0,0,0,0,0
351,10490.1,29.9,2,1,-1,162,1,0,144,18,0,0,0,0,0,0,0,0,0,0,0,0,0,0,0,0,0,0,0,0,0
352,10520.0,30.0,2,1,-1,165,1,0,147,18,0,0,0,0,0,0,0,0,0,0,0,0,0,0,0,0,0,0,0,0,0
353,10550.0,29.9,2,1,-1,160,1,0,141,19,0,0,0,0,0,0,0,0,0,0,0,0,0,0,0,0,0,0,0,0,0
354,10580.0,30.0,2,1,-1,152,1,0,138,14,0,0,0,0,0,0,0,0,0,0,0,0,0,0,0,0,0,0,0,0,0
355,10609.7,29.8,2,1,-1,155,1,0,142,13,0,0,0,0,0,0,0,0,0,0,0,0,0,0,0,0,0,0,0,0,0
356,10639.7,29.9,2,1,-1,159,1,0,144,15,0,0,0,0,0,0,0,0,0,0,0,0,0,0,0,0,0,0,0,0,0
357,10669.5,29.8,2,1,-1,154,1,0,138,16,0,0,0,0,0,0,0,0,0,0,0,0,0,0,0,0,0,0,0,0,0
358,10699.4,29.9,2,1,-1,150,1,0,145,5,0,0,0,0,0,0,0,0,0,0,0,0,0,0,0,0,0,0,0,0,0
359,10729.4,29.9,2,1,-1,164,1,0,143,21,0,0,0,0,0,0,0,0,0,0,0,0,0,0,0,0,0,0,0,0,0
360,10759.1,29.7,2,1,-1,161,1,0,145,16,0,0,0,0,0,0,0,0,0,0,0,0,0,0,0,0,0,0,0,0,0
361,10789.1,30.0,2,1,-1,154,1,0,143,11,0,0,0,0,0,0,0,0,0,0,0,0,0,0,0,0,0,0,0,0,0
362,10819.0,29.9,2,1,-1,166,1,0,146,20,0,0,0,0,0,0,0,0,0,0,0,0,0,0,0,0,0,0,0,0,0
363,10848.7,29.8,2,1,-1,159,1,0,143,16,0,0,0,0,0,0,0,0,0,0,0,0,0,0,0,0,0,0,0,0,0
364,10878.7,30.0,2,1,-1,156,1,0,143,13,0,0,0,0,0,0,0,0,0,0,0,0,0,0,0,0,0,0,0,0,0
365,10908.6,29.9,2,1,-1,153,1,0,144,9,0,0,0,0,0,0,0,0,0,0,0,0,0,0,0,0,0,0,0,0,0
366,10938.6,30.0,2,1,-1,165,1,0,149,16,0,0,0,0,0,0,0,0,0,0,0,0,0,0,0,0,0,0,0,0,0
367,10968.4,29.8,2,1,-1,158,1,0,137,21,0,0,0,0,0,0,0,0,0,0,0,0,0,0,0,0,0,0,0,0,0
368,10998.3,29.9,2,1,-1,157,1,0,144,13,0,0,0,0,0,0,0,0,0,0,0,0,0,0,0,0,0,0,0,0,0
369,11028.2,29.9,2,1,-1,153,1,0,142,11,0,0,0,0,0,0,0,0,0,0,0,0,0,0,0,0,0,0,0,0,0
370,11058.1,29.9,2,1,-1,162,1,0,145,17,0,0,0,0,0,0,0,0,0,0,0,0,0,0,0,0,0,0,0,0,0
371,11088.0,29.9,2,1,-1,157,1,0,145,12,0,0,0,0,0,0,0,0,0,0,0,0,0,0,0,0,0,0,0,0,0
372,11117.9,29.9,2,1,-1,158,1,0,141,17,0,0,0,0,0,0,0,0,0,0,0,0,0,0,0,0,0,0,0,0,0
373,11147.8,29.8,2,1,-1,155,1,0,142,13,0,0,0,0,0,0,0,0,0,0,0,0,0,0,0,0,0,0,0,0,0
374,11177.7,30.0,2,1,-1,154,1,0,141,13,0,0,0,0,0,0,0,0,0,0,0,0,0,0,0,0,0,0,0,0,0
375,11207.5,29.8,2,1,-1,155,1,0,142,13,0,0,0,0,0,0,0,0,0,0,0,0,0,0,0,0,0,0,0,0,0
376,11237.4,29.9,2,1,-1,154,1,0,144,10,0,0,0,0,0,0,0,0,0,0,0,0,0,0,0,0,0,0,0,0,0
377,11267.4,30.0,2,1,-1,163,1,0,144,19,0,0,0,0,0,0,0,0,0,0,0,0,0,0,0,0,0,0,0,0,0
378,11297.3,29.9,2,1,-1,155,1,0,143,12,0,0,0,0,0,0,0,0,0,0,0,0,0,0,0,0,0,0,0,0,0
379,11327.1,29.8,2,1,-1,157,1,0,144,13,0,0,0,0,0,0,0,0,0,0,0,0,0,0,0,0,0,0,0,0,0
380,11357.1,29.9,2,1,-1,161,1,0,144,17,0,0,0,0,0,0,0,0,0,0,0,0,0,0,0,0,0,0,0,0,0
381,11386.7,29.7,2,1,-1,160,1,0,145,15,0,0,0,0,0,0,0,0,0,0,0,0,0,0,0,0,0,0,0,0,0
382,11416.6,29.8,2,1,-1,153,1,0,139,14,0,0,0,0,0,0,0,0,0,0,0,0,0,0,0,0,0,0,0,0,0
383,11446.5,29.9,2,1,-1,157,1,0,144,13,0,0,0,0,0,0,0,0,0,0,0,0,0,0,0,0,0,0,0,0,0
384,11476.4,29.9,2,1,-1,157,1,0,143,14,0,0,0,0,0,0,0,0,0,0,0,0,0,0,0,0,0,0,0,0,0
385,11506.3,30.0,2,1,-1,156,1,0,140,16,0,0,0,0,0,0,0,0,0,0,0,0,0,0,0,0,0,0,0,0,0
386,11536.2,29.9,2,1,-1,172,1,0,149,23,0,0,0,0,0,0,0,0,0,0,0,0,0,0,0,0,0,0,0,0,0
387,11566.0,29.7,2,1,-1,154,1,0,144,10,0,0,0,0,0,0,0,0,0,0,0,0,0,0,0,0,0,0,0,0,0
388,11595.8,29.8,2,1,-1,164,1,0,141,23,0,0,0,0,0,0,0,0,0,0,0,0,0,0,0,0,0,0,0,0,0
389,11625.6,29.8,2,1,-1,157,1,0,143,14,0,0,0,0,0,0,0,0,0,0,0,0,0,0,0,0,0,0,0,0,0
390,11655.5,29.9,2,1,-1,155,1,0,142,13,0,0,0,0,0,0,0,0,0,0,0,0,0,0,0,0,0,0,0,0,0
391,11685.4,29.9,2,1,-1,161,1,0,142,19,0,0,0,0,0,0,0,0,0,0,0,0,0,0,0,0,0,0,0,0,0
392,11715.1,29.7,2,1,-1,158,1,0,145,13,0,0,0,0,0,0,0,0,0,0,0,0,0,0,0,0,0,0,0,0,0
393,11745.0,29.9,2,1,-1,152,1,0,138,14,0,0,0,0,0,0,0,0,0,0,0,0,0,0,0,0,0,0,0,0,0
394,11774.9,29.9,2,1,-1,153,1,0,144,9,0,0,0,0,0,0,0,0,0,0,0,0,0,0,0,0,0,0,0,0,0
395,11804.9,30.0,2,1,-1,167,1,0,148,19,0,0,0,0,0,0,0,0,0,0,0,0,0,0,0,0,0,0,0,0,0
396,11834.8,29.9,2,1,-1,159,1,0,145,14,0,0,0,0,0,0,0,0,0,0,0,0,0,0,0,0,0,0,0,0,0
397,11864.6,29.8,2,1,-1,157,1,0,140,17,0,0,0,0,0,0,0,0,0,0,0,0,0,0,0,0,0,0,0,0,0
398,11894.5,29.9,2,1,-1,156,1,0,140,16,0,0,0,0,0,0,0,0,0,0,0,0,0,0,0,0,0,0,0,0,0
399,11924.3,29.8,2,1,-1,160,1,0,145,15,0,0,0,0,0,0,0,0,0,0,0,0,0,0,0,0,0,0,0,0,0
400,11954.2,29.8,2,1,-1,156,1,0,141,15,0,0,0,0,0,0,0,0,0,0,0,0,0,0,0,0,0,0,0,0,0
401,11984.1,29.9,2,1,-1,168,1,0,147,21,0,0,0,0,0,0,0,0,0,0,0,0,0,0,0,0,0,0,0,0,0
402,12014.0,29.8,2,1,-1,158,1,0,145,13,0,0,0,0,0,0,0,0,0,0,0,0,0,0,0,0,0,0,0,0,0
403,12043.9,30.0,2,1,-1,157,1,0,144,13,0,0,0,0,0,0,0,0,0,0,0,0,0,0,0,0,0,0,0,0,0
404,12073.8,29.9,2,1,-1,157,1,0,145,12,0,0,0,0,0,0,0,0,0,0,0,0,0,0,0,0,0,0,0,0,0
405,12103.7,29.8,2,1,-1,150,1,0,139,11,0,0,0,0,0,0,0,0,0,0,0,0,0,0,0,0,0,0,0,0,0
406,12133.5,29.8,2,1,-1,157,1,0,143,14,0,0,0,0,0,0,0,0,0,0,0,0,0,0,0,0,0,0,0,0,0
407,12163.3,29.8,2,1,-1,161,1,0,146,15,0,0,0,0,0,0,0,0,0,0,0,0,0,0,0,0,0,0,0,0,0
408,12193.1,29.8,2,1,-1,164,1,0,146,18,0,0,0,0,0,0,0,0,0,0,0,0,0,0,0,0,0,0,0,0,0
409,12223.0,29.8,2,1,-1,160,1,0,142,18,0,0,0,0,0,0,0,0,0,0,0,0,0,0,0,0,0,0,0,0,0
410,12253.0,30.0,2,1,-1,161,1,0,145,16,0,0,0,0,0,0,0,0,0,0,0,0,0,0,0,0,0,0,0,0,0
411,12282.9,30.0,2,1,-1,160,1,0,142,18,0,0,0,0,0,0,0,0,0,0,0,0,0,0,0,0,0,0,0,0,0
412,12312.9,29.9,2,1,-1,161,1,0,145,16,0,0,0,0,0,0,0,0,0,0,0,0,0,0,0,0,0,0,0,0,0
413,12342.7,29.8,2,1,-1,154,1,0,140,14,0,0,0,0,0,0,0,0,0,0,0,0,0,0,0,0,0,0,0,0,0
414,12372.7,30.0,2,1,-1,155,1,0,141,14,0,0,0,0,0,0,0,0,0,0,0,0,0,0,0,0,0,0,0,0,0
415,12402.6,29.9,2,1,-1,158,1,0,147,11,0,0,0,0,0,0,0,0,0,0,0,0,0,0,0,0,0,0,0,0,0
416,12432.4,29.8,2,1,-1,157,1,0,144,13,0,0,0,0,0,0,0,0,0,0,0,0,0,0,0,0,0,0,0,0,0
417,12462.3,29.9,2,1,-1,159,1,0,143,16,0,0,0,0,0,0,0,0,0,0,0,0,0,0,0,0,0,0,0,0,0
418,12492.2,29.9,2,1,-1,163,1,0,145,18,0,0,0,0,0,0,0,0,0,0,0,0,0,0,0,0,0,0,0,0,0
419,12522.2,30.0,2,1,-1,161,1,0,145,16,0,0,0,0,0,0,0,0,0,0,0,0,0,0,0,0,0,0,0,0,0
420,12552.1,29.9,2,1,-1,147,1,0,136,11,0,0,0,0,0,0,0,0,0,0,0,0,0,0,0,0,0,0,0,0,0
421,12582.0,29.8,2,1,-1,160,1,0,143,17,0,0,0,0,0,0,0,0,0,0,0,0,0,0,0,0,0,0,0,0,0
422,12611.8,29.8,2,1,-1,163,1,0,144,19,0,0,0,0,0,0,0,0,0,0,0,0,0,0,0,0,0,0,0,0,0
423,12641.7,29.9,2,1,-1,151,1,0,140,11,0,0,0,0,0,0,0,0,0,0,0,0,0,0,0,0,0,0,0,0,0
424,12671.6,29.9,2,1,-1,159,1,0,143,16,0,0,0,0,0,0,0,0,0,0,0,0,0,0,0,0,0,0,0,0,0
425,12701.4,29.8,2,1,-1,155,1,0,141,14,0,0,0,0,0,0,0,0,0,0,0,0,0,0,0,0,0,0,0,0,0
426,12731.2,29.8,2,1,-1,159,1,0,145,14,0,0,0,0,0,0,0,0,0,0,0,0,0,0,0,0,0,0,0,0,0
427,12761.1,29.9,2,1,-1,162,1,0,147,15,0,0,0,0,0,0,0,0,0,0,0,0,0,0,0,0,0,0,0,0,0
428,12791.0,29.9,2,1,-1,151,1,0,143,8,0,0,0,0,0,0,0,0,0,0,0,0,0,0,0,0,0,0,0,0,0
429,12820.9,29.9,2,1,-1,152,1,0,141,11,0,0,0,0,0,0,0,0,0,0,0,0,0,0,0,0,0,0,0,0,0
430,12850.8,29.9,2,1,-1,159,1,0,144,15,0,0,0,0,0,0,0,0,0,0,0,0,0,0,0,0,0,0,0,0,0
431,12880.7,30.0,2,1,-1,164,1,0,148,16,0,0,0,0,0,0,0,0,0,0,0,0,0,0,0,0,0,0,0,0,0
432,12910.7,30.0,2,1,-1,158,1,0,146,12,0,0,0,0,0,0,0,0,0,0,0,0,0,0,0,0,0,0,0,0,0
433,12940.6,29.9,2,1,-1,150,1,0,143,7,0,0,0,0,0,0,0,0,0,0,0,0,0,0,0,0,0,0,0,0,0
434,12970.5,29.9,2,1,-1,160,1,0,146,14,0,0,0,0,0,0,0,0,0,0,0,0,0,0,0,0,0,0,0,0,0
435,13000.3,29.8,2,1,-1,157,1,0,143,14,0,0,0,0,0,0,0,0,0,0,0,0,0,0,0,0,0,0,0,0,0
436,13030.3,30.0,2,1,-1,158,1,0,142,16,0,0,0,0,0,0,0,0,0,0,0,0,0,0,0,0,0,0,0,0,0
437,13060.2,29.9,2,1,-1,159,1,0,143,16,0,0,0,0,0,0,0,0,0,0,0,0,0,0,0,0,0,0,0,0,0
438,13090.1,29.9,2,1,-1,158,1,0,145,13,0,0,0,0,0,0,0,0,0,0,0,0,0,0,0,0,0,0,0,0,0
439,13119.9,29.9,2,1,-1,154,1,0,141,13,0,0,0,0,0,0,0,0,0,0,0,0,0,0,0,0,0,0,0,0,0
440,13149.9,29.9,2,1,-1,153,1,0,137,16,0,0,0,0,0,0,0,0,0,0,0,0,0,0,0,0,0,0,0,0,0
441,13179.8,29.9,2,1,-1,163,1,0,142,21,0,0,0,0,0,0,0,0,0,0,0,0,0,0,0,0,0,0,0,0,0
442,13209.6,29.8,2,1,-1,164,1,0,149,15,0,0,0,0,0,0,0,0,0,0,0,0,0,0,0,0,0,0,0,0,0
443,13239.5,29.9,2,1,-1,157,1,0,145,12,0,0,0,0,0,0,0,0,0,0,0,0,0,0,0,0,0,0,0,0,0
444,13269.4,29.8,2,1,-1,164,1,0,148,16,0,0,0,0,0,0,0,0,0,0,0,0,0,0,0,0,0,0,0,0,0
445,13299.2,29.9,2,1,-1,153,1,0,142,11,0,0,0,0,0,0,0,0,0,0,0,0,0,0,0,0,0,0,0,0,0
446,13329.1,29.9,2,1,-1,152,1,0,142,10,0,0,0,0,0,0,0,0,0,0,0,0,0,0,0,0,0,0,0,0,0
447,13359.1,30.0,2,1,-1,162,1,0,146,16,0,0,0,0,0,0,0,0,0,0,0,0,0,0,0,0,0,0,0,0,0
448,13389.0,30.0,2,1,-1,154,1,0,146,8,0,0,0,0,0,0,0,0,0,0,0,0,0,0,0,0,0,0,0,0,0
449,13418.9,29.8,2,1,-1,152,1,0,139,13,0,0,0,0,0,0,0,0,0,0,0,0,0,0,0,0,0,0,0,0,0
450,13448.8,29.9,2,1,-1,151,1,0,137,14,0,0,0,0,0,0,0,0,0,0,0,0,0,0,0,0,0,0,0,0,0
451,13478.6,29.9,2,1,-1,156,1,0,141,15,0,0,0,0,0,0,0,0,0,0,0,0,0,0,0,0,0,0,0,0,0
452,13508.6,29.9,2,1,-1,166,1,0,145,21,0,0,0,0,0,0,0,0,0,0,0,0,0,0,0,0,0,0,0,0,0
453,13538.1,29.5,2,1,-1,150,1,0,140,10,0,0,0,0,0,0,0,0,0,0,0,0,0,0,0,0,0,0,0,0,0
454,13567.8,29.8,2,1,-1,153,1,0,143,10,0,0,0,0,0,0,0,0,0,0,0,0,0,0,0,0,0,0,0,0,0
455,13597.7,29.8,2,1,-1,156,1,0,143,13,0,0,0,0,0,0,0,0,0,0,0,0,0,0,0,0,0,0,0,0,0
456,13627.5,29.8,2,1,-1,160,1,0,146,14,0,0,0,0,0,0,0,0,0,0,0,0,0,0,0,0,0,0,0,0,0
457,13657.4,29.9,2,1,-1,171,1,0,148,23,0,0,0,0,0,0,0,0,0,0,0,0,0,0,0,0,0,0,0,0,0
458,13687.3,29.9,2,1,-1,156,1,0,140,16,0,0,0,0,0,0,0,0,0,0,0,0,0,0,0,0,0,0,0,0,0
459,13717.3,30.0,2,1,-1,156,1,0,140,16,0,0,0,0,0,0,0,0,0,0,0,0,0,0,0,0,0,0,0,0,0
460,13747.1,29.9,2,1,-1,156,1,0,144,12,0,0,0,0,0,0,0,0,0,0,0,0,0,0,0,0,0,0,0,0,0
461,13777.1,29.9,2,1,-1,161,1,0,142,19,0,0,0,0,0,0,0,0,0,0,0,0,0,0,0,0,0,0,0,0,0
462,13806.9,29.9,2,1,-1,154,1,0,142,12,0,0,0,0,0,0,0,0,0,0,0,0,0,0,0,0,0,0,0,0,0
463,13836.9,30.0,2,1,-1,161,1,0,145,16,0,0,0,0,0,0,0,0,0,0,0,0,0,0,0,0,0,0,0,0,0
464,13866.9,30.0,2,1,-1,156,1,0,141,15,0,0,0,0,0,0,0,0,0,0,0,0,0,0,0,0,0,0,0,0,0
465,13896.8,29.9,2,1,-1,161,1,0,146,15,0,0,0,0,0,0,0,0,0,0,0,0,0,0,0,0,0,0,0,0,0
466,13926.8,30.0,2,1,-1,159,1,0,145,14,0,0,0,0,0,0,0,0,0,0,0,0,0,0,0,0,0,0,0,0,0
467,13956.7,29.9,2,1,-1,149,1,0,138,11,0,0,0,0,0,0,0,0,0,0,0,0,0,0,0,0,0,0,0,0,0
468,13986.4,29.7,2,1,-1,159,1,0,140,19,0,0,0,0,0,0,0,0,0,0,0,0,0,0,0,0,0,0,0,0,0
469,14016.3,29.9,2,1,-1,152,1,0,141,11,0,0,0,0,0,0,0,0,0,0,0,0,0,0,0,0,0,0,0,0,0
470,14046.1,29.8,2,1,-1,155,1,0,138,17,0,0,0,0,0,0,0,0,0,0,0,0,0,0,0,0,0,0,0,0,0
471,14075.9,29.8,2,1,-1,165,1,0,149,16,0,0,0,0,0,0,0,0,0,0,0,0,0,0,0,0,0,0,0,0,0
472,14105.9,29.9,2,1,-1,151,1,0,140,11,0,0,0,0,0,0,0,0,0,0,0,0,0,0,0,0,0,0,0,0,0
473,14135.8,29.9,2,1,-1,156,1,0,140,16,0,0,0,0,0,0,0,0,0,0,0,0,0,0,0,0,0,0,0,0,0
474,14165.7,29.9,2,1,-1,154,1,0,144,10,0,0,0,0,0,0,0,0,0,0,0,0,0,0,0,0,0,0,0,0,0
475,14195.7,30.0,2,1,-1,155,1,0,142,13,0,0,0,0,0,0,0,0,0,0,0,0,0,0,0,0,0,0,0,0,0
476,14225.5,29.8,2,1,-1,160,1,0,143,17,0,0,0,0,0,0,0,0,0,0,0,0,0,0,0,0,0,0,0,0,0
477,14255.5,30.0,2,1,-1,166,1,0,150,16,0,0,0,0,0,0,0,0,0,0,0,0,0,0,0,0,0,0,0,0,0
478,14285.4,29.9,2,1,-1,156,1,0,142,14,0,0,0,0,0,0,0,0,0,0,0,0,0,0,0,0,0,0,0,0,0
479,14315.2,29.8,2,1,-1,158,1,0,141,17,0,0,0,0,0,0,0,0,0,0,0,0,0,0,0,0,0,0,0,0,0
480,14345.2,30.0,2,1,-1,160,1,0,147,13,0,0,0,0,0,0,0,0,0,0,0,0,0,0,0,0,0,0,0,0,0
481,14375.1,29.9,2,1,-1,156,1,0,140,16,0,0,0,0,0,0,0,0,0,0,0,0,0,0,0,0,0,0,0,0,0
482,14405.1,30.0,2,1,-1,157,1,0,145,12,0,0,0,0,0,0,0,0,0,0,0,0,0,0,0,0,0,0,0,0,0
483,14435.0,30.0,2,1,-1,166,1,0,148,18,0,0,0,0,0,0,0,0,0,0,0,0,0,0,0,0,0,0,0,0,0
484,14465.0,30.0,2,1,-1,151,1,0,140,11,0,0,0,0,0,0,0,0,0,0,0,0,0,0,0,0,0,0,0,0,0
485,14494.8,29.8,2,1,-1,162,1,0,141,21,0,0,0,0,0,0,0,0,0,0,0,0,0,0,0,0,0,0,0,0,0
486,14524.6,29.8,2,1,-1,154,1,0,144,10,0,0,0,0,0,0,0,0,0,0,0,0,0,0,0,0,0,0,0,0,0
487,14554.6,29.9,2,1,-1,154,1,0,141,13,0,0,0,0,0,0,0,0,0,0,0,0,0,0,0,0,0,0,0,0,0
488,14584.4,29.8,2,1,-1,151,1,0,136,15,0,0,0,0,0,0,0,0,0,0,0,0,0,0,0,0,0,0,0,0,0
489,14614.3,29.9,2,1,-1,156,1,0,145,11,0,0,0,0,0,0,0,0,0,0,0,0,0,0,0,0,0,0,0,0,0
490,14644.2,29.9,2,1,-1,159,1,0,144,15,0,0,0,0,0,0,0,0,0,0,0,0,0,0,0,0,0,0,0,0,0
491,14674.0,29.8,2,1,-1,158,1,0,139,19,0,0,0,0,0,0,0,0,0,0,0,0,0,0,0,0,0,0,0,0,0
492,14703.9,29.9,2,1,-1,152,1,0,142,10,0,0,0,0,0,0,0,0,0,0,0,0,0,0,0,0,0,0,0,0,0
493,14733.7,29.8,2,1,-1,159,1,0,138,21,0,0,0,0,0,0,0,0,0,0,0,0,0,0,0,0,0,0,0,0,0
494,14763.5,29.8,2,1,-1,158,1,0,140,18,0,0,0,0,0,0,0,0,0,0,0,0,0,0,0,0,0,0,0,0,0
495,14793.4,29.8,2,1,-1,159,1,0,140,19,0,0,0,0,0,0,0,0,0,0,0,0,0,0,0,0,0,0,0,0,0
496,14823.3,29.9,2,1,-1,150,1,0,141,9,0,0,0,0,0,0,0,0,0,0,0,0,0,0,0,0,0,0,0,0,0
497,14853.1,29.8,2,1,-1,156,1,0,144,12,0,0,0,0,0,0,0,0,0,0,0,0,0,0,0,0,0,0,0,0,0
498,14882.9,29.8,2,1,-1,155,1,0,141,14,0,0,0,0,0,0,0,0,0,0,0,0,0,0,0,0,0,0,0,0,0
499,14912.7,29.8,2,1,-1,160,1,0,142,18,0,0,0,0,0,0,0,0,0,0,0,0,0,0,0,0,0,0,0,0,0
500,14942.7,30.0,2,1,-1,154,1,0,145,9,0,0,0,0,0,0,0,0,0,0,0,0,0,0,0,0,0,0,0,0,0
501,14972.6,29.9,2,1,-1,159,1,0,144,15,0,0,0,0,0,0,0,0,0,0,0,0,0,0,0,0,0,0,0,0,0
502,15002.5,30.0,2,1,-1,156,1,0,141,15,0,0,0,0,0,0,0,0,0,0,0,0,0,0,0,0,0,0,0,0,0
503,15032.5,30.0,2,1,-1,152,1,0,140,12,0,0,0,0,0,0,0,0,0,0,0,0,0,0,0,0,0,0,0,0,0
504,15062.4,29.9,2,1,-1,157,1,0,143,14,0,0,0,0,0,0,0,0,0,0,0,0,0,0,0,0,0,0,0,0,0
505,15092.3,29.8,2,1,-1,162,1,0,145,17,0,0,0,0,0,0,0,0,0,0,0,0,0,0,0,0,0,0,0,0,0
506,15122.2,29.9,2,1,-1,159,1,0,146,13,0,0,0,0,0,0,0,0,0,0,0,0,0,0,0,0,0,0,0,0,0
507,15152.0,29.8,2,1,-1,164,1,0,147,17,0,0,0,0,0,0,0,0,0,0,0,0,0,0,0,0,0,0,0,0,0
508,15181.9,29.9,2,1,-1,154,1,0,143,11,0,0,0,0,0,0,0,0,0,0,0,0,0,0,0,0,0,0,0,0,0
509,15211.8,29.9,2,1,-1,163,1,0,140,23,0,0,0,0,0,0,0,0,0,0,0,0,0,0,0,0,0,0,0,0,0
510,15241.6,29.8,2,1,-1,160,1,0,144,16,0,0,0,0,0,0,0,0,0,0,0,0,0,0,0,0,0,0,0,0,0
511,15271.6,30.0,2,1,-1,158,1,0,145,13,0,0,0,0,0,0,0,0,0,0,0,0,0,0,0,0,0,0,0,0,0
512,15301.5,29.9,2,1,-1,158,1,0,141,17,0,0,0,0,0,0,0,0,0,0,0,0,0,0,0,0,0,0,0,0,0
513,15331.5,30.0,2,1,-1,161,1,0,145,16,0,0,0,0,0,0,0,0,0,0,0,0,0,0,0,0,0,0,0,0,0
514,15361.5,30.0,2,1,-1,151,1,0,143,8,0,0,0,0,0,0,0,0,0,0,0,0,0,0,0,0,0,0,0,0,0
515,15391.3,29.9,2,1,-1,162,1,0,143,19,0,0,0,0,0,0,0,0,0,0,0,0,0,0,0,0,0,0,0,0,0
516,15421.2,29.9,2,1,-1,159,1,0,148,11,0,0,0,0,0,0,0,0,0,0,0,0,0,0,0,0,0,0,0,0,0
517,15451.1,29.9,2,1,-1,157,1,0,146,11,0,0,0,0,0,0,0,0,0,0,0,0,0,0,0,0,0,0,0,0,0
518,15481.0,29.9,2,1,-1,156,1,0,142,14,0,0,0,0,0,0,0,0,0,0,0,0,0,0,0,0,0,0,0,0,0
519,15510.9,29.9,2,1,-1,152,1,0,135,17,0,0,0,0,0,0,0,0,0,0,0,0,0,0,0,0,0,0,0,0,0
520,15540.9,29.9,2,1,-1,166,1,0,147,19,0,0,0,0,0,0,0,0,0,0,0,0,0,0,0,0,0,0,0,0,0
521,15570.7,29.8,2,1,-1,159,1,0,142,17,0,0,0,0,0,0,0,0,0,0,0,0,0,0,0,0,0,0,0,0,0
522,15600.5,29.8,2,1,-1,158,1,0,143,15,0,0,0,0,0,0,0,0,0,0,0,0,0,0,0,0,0,0,0,0,0
523,15630.3,29.8,2,1,-1,149,1,0,141,8,0,0,0,0,0,0,0,0,0,0,0,0,0,0,0,0,0,0,0,0,0
524,15660.2,29.9,2,1,-1,157,1,0,144,13,0,0,0,0,0,0,0,0,0,0,0,0,0,0,0,0,0,0,0,0,0
525,15690.1,29.9,2,1,-1,154,1,0,144,10,0,0,0,0,0,0,0,0,0,0,0,0,0,0,0,0,0,0,0,0,0
526,15719.9,29.8,2,1,-1,149,1,0,140,9,0,0,0,0,0,0,0,0,0,0,0,0,0,0,0,0,0,0,0,0,0
527,15749.8,29.9,2,1,-1,158,1,0,144,14,0,0,0,0,0,0,0,0,0,0,0,0,0,0,0,0,0,0,0,0,0
528,15779.5,29.7,2,1,-1,144,1,0,138,6,0,0,0,0,0,0,0,0,0,0,0,0,0,0,0,0,0,0,0,0,0
529,15809.4,29.8,2,1,-1,160,1,0,144,16,0,0,0,0,0,0,0,0,0,0,0,0,0,0,0,0,0,0,0,0,0
530,15839.3,29.9,2,1,-1,157,1,0,142,15,0,0,0,0,0,0,0,0,0,0,0,0,0,0,0,0,0,0,0,0,0
531,15869.2,29.9,2,1,-1,155,1,0,137,18,0,0,0,0,0,0,0,0,0,0,0,0,0,0,0,0,0,0,0,0,0
532,15898.9,29.7,2,1,-1,152,1,0,137,15,0,0,0,0,0,0,0,0,0,0,0,0,0,0,0,0,0,0,0,0,0
533,15928.8,29.9,2,1,-1,155,1,0,146,9,0,0,0,0,0,0,0,0,0,0,0,0,0,0,0,0,0,0,0,0,0
534,15958.7,29.9,2,1,-1,156,1,0,138,18,0,0,0,0,0,0,0,0,0,0,0,0,0,0,0,0,0,0,0,0,0
535,15988.6,30.0,2,1,-1,155,1,0,142,13,0,0,0,0,0,0,0,0,0,0,0,0,0,0,0,0,0,0,0,0,0
536,16018.6,29.9,2,1,-1,152,1,0,140,12,0,0,0,0,0,0,0,0,0,0,0,0,0,0,0,0,0,0,0,0,0
537,16048.5,30.0,2,1,-1,165,1,0,149,16,0,0,0,0,0,0,0,0,0,0,0,0,0,0,0,0,0,0,0,0,0
538,16078.5,29.9,2,1,-1,158,1,0,142,16,0,0,0,0,0,0,0,0,0,0,0,0,0,0,0,0,0,0,0,0,0
539,16108.2,29.7,2,1,-1,154,1,0,140,14,0,0,0,0,0,0,0,0,0,0,0,0,0,0,0,0,0,0,0,0,0
540,16137.9,29.8,2,1,-1,154,1,0,143,11,0,0,0,0,0,0,0,0,0,0,0,0,0,0,0,0,0,0,0,0,0
541,16167.7,29.8,2,1,-1,152,1,0,146,6,0,0,0,0,0,0,0,0,0,0,0,0,0,0,0,0,0,0,0,0,0
542,16197.5,29.8,2,1,-1,159,1,0,141,18,0,0,0,0,0,0,0,0,0,0,0,0,0,0,0,0,0,0,0,0,0
543,16227.4,29.9,2,1,-1,152,1,0,143,9,0,0,0,0,0,0,0,0,0,0,0,0,0,0,0,0,0,0,0,0,0
544,16257.3,29.9,2,1,-1,163,1,0,146,17,0,0,0,0,0,0,0,0,0,0,0,0,0,0,0,0,0,0,0,0,0
545,16287.2,29.8,2,1,-1,161,1,0,143,18,0,0,0,0,0,0,0,0,0,0,0,0,0,0,0,0,0,0,0,0,0
546,16317.0,29.9,2,1,-1,154,1,0,145,9,0,0,0,0,0,0,0,0,0,0,0,0,0,0,0,0,0,0,0,0,0
547,16346.9,29.9,2,1,-1,156,1,0,144,12,0,0,0,0,0,0,0,0,0,0,0,0,0,0,0,0,0,0,0,0,0
548,16376.8,29.9,2,1,-1,149,1,0,140,9,0,0,0,0,0,0,0,0,0,0,0,0,0,0,0,0,0,0,0,0,0
549,16406.8,30.0,2,1,-1,157,1,0,142,15,0,0,0,0,0,0,0,0,0,0,0,0,0,0,0,0,0,0,0,0,0
550,16436.5,29.7,2,1,-1,163,1,0,148,15,0,0,0,0,0,0,0,0,0,0,0,0,0,0,0,0,0,0,0,0,0
551,16466.5,30.0,2,1,-1,151,1,0,143,8,0,0,0,0,0,0,0,0,0,0,0,0,0,0,0,0,0,0,0,0,0
552,16496.4,29.9,2,1,-1,158,1,0,140,18,0,0,0,0,0,0,0,0,0,0,0,0,0,0,0,0,0,0,0,0,0
553,16526.1,29.7,2,1,-1,151,1,0,141,10,0,0,0,0,0,0,0,0,0,0,0,0,0,0,0,0,0,0,0,0,0
554,16555.9,29.8,2,1,-1,148,1,0,136,12,0,0,0,0,0,0,0,0,0,0,0,0,0,0,0,0,0,0,0,0,0
555,16585.8,29.9,2,1,-1,164,1,0,143,21,0,0,0,0,0,0,0,0,0,0,0,0,0,0,0,0,0,0,0,0,0
556,16615.8,30.0,2,1,-1,151,1,0,140,11,0,0,0,0,0,0,0,0,0,0,0,0,0,0,0,0,0,0,0,0,0
557,16645.7,30.0,2,1,-1,159,1,0,144,15,0,0,0,0,0,0,0,0,0,0,0,0,0,0,0,0,0,0,0,0,0
558,16675.6,29.9,2,1,-1,157,1,0,143,14,0,0,0,0,0,0,0,0,0,0,0,0,0,0,0,0,0,0,0,0,0
559,16705.6,29.9,2,1,-1,162,1,0,147,15,0,0,0,0,0,0,0,0,0,0,0,0,0,0,0,0,0,0,0,0,0
560,16735.5,29.9,2,1,-1,164,1,0,143,21,0,0,0,0,0,0,0,0,0,0,0,0,0,0,0,0,0,0,0,0,0
561,16765.4,29.9,2,1,-1,167,1,0,147,20,0,0,0,0,0,0,0,0,0,0,0,0,0,0,0,0,0,0,0,0,0
562,16795.3,29.9,2,1,-1,159,1,0,143,16,0,0,0,0,0,0,0,0,0,0,0,0,0,0,0,0,0,0,0,0,0
563,16825.3,30.0,2,1,-1,160,1,0,144,16,0,0,0,0,0,0,0,0,0,0,0,0,0,0,0,0,0,0,0,0,0
564,16855.1,29.9,2,1,-1,151,1,0,144,7,0,0,0,0,0,0,0,0,0,0,0,0,0,0,0,0,0,0,0,0,0
565,16885.1,30.0,2,1,-1,151,1,0,140,11,0,0,0,0,0,0,0,0,0,0,0,0,0,0,0,0,0,0,0,0,0
566,16914.8,29.7,2,1,-1,166,1,0,142,24,0,0,0,0,0,0,0,0,0,0,0,0,0,0,0,0,0,0,0,0,0
567,16944.8,30.0,2,1,-1,159,1,0,144,15,0,0,0,0,0,0,0,0,0,0,0,0,0,0,0,0,0,0,0,0,0
568,16974.7,29.9,2,1,-1,152,1,0,143,9,0,0,0,0,0,0,0,0,0,0,0,0,0,0,0,0,0,0,0,0,0
569,17004.7,30.0,2,1,-1,156,1,0,145,11,0,0,0,0,0,0,0,0,0,0,0,0,0,0,0,0,0,0,0,0,0
570,17034.6,29.9,2,1,-1,161,1,0,139,22,0,0,0,0,0,0,0,0,0,0,0,0,0,0,0,0,0,0,0,0,0
571,17064.4,29.8,2,1,-1,157,1,0,148,9,0,0,0,0,0,0,0,0,0,0,0,0,0,0,0,0,0,0,0,0,0
572,17094.2,29.8,2,1,-1,156,1,0,142,14,0,0,0,0,0,0,0,0,0,0,0,0,0,0,0,0,0,0,0,0,0
573,17124.1,29.9,2,1,-1,158,1,0,143,15,0,0,0,0,0,0,0,0,0,0,0,0,0,0,0,0,0,0,0,0,0
574,17153.9,29.8,2,1,-1,154,1,0,140,14,0,0,0,0,0,0,0,0,0,0,0,0,0,0,0,0,0,0,0,0,0
575,17183.9,30.0,2,1,-1,159,1,0,144,15,0,0,0,0,0,0,0,0,0,0,0,0,0,0,0,0,0,0,0,0,0
576,17213.8,29.9,2,1,-1,158,1,0,148,10,0,0,0,0,0,0,0,0,0,0,0,0,0,0,0,0,0,0,0,0,0
577,17243.6,29.8,2,1,-1,150,1,0,140,10,0,0,0,0,0,0,0,0,0,0,0,0,0,0,0,0,0,0,0,0,0
578,17273.5,29.9,2,1,-1,153,1,0,142,11,0,0,0,0,0,0,0,0,0,0,0,0,0,0,0,0,0,0,0,0,0
579,17303.4,30.0,2,1,-1,158,1,0,148,10,0,0,0,0,0,0,0,0,0,0,0,0,0,0,0,0,0,0,0,0,0
580,17333.3,29.9,2,1,-1,162,1,0,150,12,0,0,0,0,0,0,0,0,0,0,0,0,0,0,0,0,0,0,0,0,0
581,17363.3,29.9,2,1,-1,154,1,0,139,15,0,0,0,0,0,0,0,0,0,0,0,0,0,0,0,0,0,0,0,0,0
582,17393.2,29.9,2,1,-1,159,1,0,143,16,0,0,0,0,0,0,0,0,0,0,0,0,0,0,0,0,0,0,0,0,0
583,17423.1,29.9,2,1,-1,151,1,0,139,12,0,0,0,0,0,0,0,0,0,0,0,0,0,0,0,0,0,0,0,0,0
584,17452.9,29.8,2,1,-1,156,1,0,139,17,0,0,0,0,0,0,0,0,0,0,0,0,0,0,0,0,0,0,0,0,0
585,17482.8,29.9,2,1,-1,149,1,0,141,8,0,0,0,0,0,0,0,0,0,0,0,0,0,0,0,0,0,0,0,0,0
586,17512.6,29.8,2,1,-1,159,1,0,140,19,0,0,0,0,0,0,0,0,0,0,0,0,0,0,0,0,0,0,0,0,0
587,17542.6,30.0,2,1,-1,166,1,0,148,18,0,0,0,0,0,0,0,0,0,0,0,0,0,0,0,0,0,0,0,0,0
588,17572.4,29.8,2,1,-1,159,1,0,140,19,0,0,0,0,0,0,0,0,0,0,0,0,0,0,0,0,0,0,0,0,0
589,17602.3,29.8,2,1,-1,151,1,0,140,11,0,0,0,0,0,0,0,0,0,0,0,0,0,0,0,0,0,0,0,0,0
590,17632.1,29.8,2,1,-1,150,1,0,138,12,0,0,0,0,0,0,0,0,0,0,0,0,0,0,0,0,0,0,0,0,0
591,17662.0,29.9,2,1,-1,168,1,0,144,24,0,0,0,0,0,0,0,0,0,0,0,0,0,0,0,0,0,0,0,0,0
592,17692.0,30.0,2,1,-1,156,1,0,143,13,0,0,0,0,0,0,0,0,0,0,0,0,0,0,0,0,0,0,0,0,0
593,17722.0,30.0,2,1,-1,156,1,0,145,11,0,0,0,0,0,0,0,0,0,0,0,0,0,0,0,0,0,0,0,0,0
594,17751.9,29.9,2,1,-1,159,1,0,143,16,0,0,0,0,0,0,0,0,0,0,0,0,0,0,0,0,0,0,0,0,0
595,17781.9,30.0,2,1,-1,153,1,0,138,15,0,0,0,0,0,0,0,0,0,0,0,0,0,0,0,0,0,0,0,0,0
596,17811.7,29.9,2,1,-1,160,1,0,144,16,0,0,0,0,0,0,0,0,0,0,0,0,0,0,0,0,0,0,0,0,0
597,17841.5,29.8,2,1,-1,160,1,0,141,19,0,0,0,0,0,0,0,0,0,0,0,0,0,0,0,0,0,0,0,0,0
598,17871.5,29.9,2,1,-1,155,1,0,140,15,0,0,0,0,0,0,0,0,0,0,0,0,0,0,0,0,0,0,0,0,0
599,17901.4,29.9,2,1,-1,157,1,0,144,13,0,0,0,0,0,0,0,0,0,0,0,0,0,0,0,0,0,0,0,0,0
600,17931.3,29.9,2,1,-1,162,1,0,144,18,0,0,0,0,0,0,0,0,0,0,0,0,0,0,0,0,0,0,0,0,0
601,17961.1,29.8,2,1,-1,157,1,0,147,10,0,0,0,0,0,0,0,0,0,0,0,0,0,0,0,0,0,0,0,0,0
602,17991.0,30.0,2,1,-1,154,1,0,143,11,0,0,0,0,0,0,0,0,0,0,0,0,0,0,0,0,0,0,0,0,0
603,18020.9,29.8,2,1,-1,159,1,0,140,19,0,0,0,0,0,0,0,0,0,0,0,0,0,0,0,0,0,0,0,0,0
604,18050.8,30.0,2,1,-1,154,1,0,142,12,0,0,0,0,0,0,0,0,0,0,0,0,0,0,0,0,0,0,0,0,0
605,18080.6,29.7,2,1,-1,147,1,0,137,10,0,0,0,0,0,0,0,0,0,0,0,0,0,0,0,0,0,0,0,0,0
606,18110.4,29.8,2,1,-1,162,1,0,143,19,0,0,0,0,0,0,0,0,0,0,0,0,0,0,0,0,0,0,0,0,0
607,18140.3,29.9,2,1,-1,151,1,0,138,13,0,0,0,0,0,0,0,0,0,0,0,0,0,0,0,0,0,0,0,0,0
608,18170.3,30.0,2,1,-1,166,1,0,147,19,0,0,0,0,0,0,0,0,0,0,0,0,0,0,0,0,0,0,0,0,0
609,18200.1,29.8,2,1,-1,159,1,0,142,17,0,0,0,0,0,0,0,0,0,0,0,0,0,0,0,0,0,0,0,0,0
610,18230.0,29.9,2,1,-1,157,1,0,145,12,0,0,0,0,0,0,0,0,0,0,0,0,0,0,0,0,0,0,0,0,0
611,18259.7,29.8,2,1,-1,154,1,0,140,14,0,0,0,0,0,0,0,0,0,0,0,0,0,0,0,0,0,0,0,0,0
612,18289.7,29.9,2,1,-1,151,1,0,140,11,0,0,0,0,0,0,0,0,0,0,0,0,0,0,0,0,0,0,0,0,0
613,18319.4,29.8,2,1,-1,150,1,0,143,7,0,0,0,0,0,0,0,0,0,0,0,0,0,0,0,0,0,0,0,0,0
614,18349.3,29.9,2,1,-1,153,1,0,142,11,0,0,0,0,0,0,0,0,0,0,0,0,0,0,0,0,0,0,0,0,0
615,18379.1,29.8,2,1,-1,154,1,0,140,14,0,0,0,0,0,0,0,0,0,0,0,0,0,0,0,0,0,0,0,0,0
616,18408.9,29.8,2,1,-1,164,1,0,147,17,0,0,0,0,0,0,0,0,0,0,0,0,0,0,0,0,0,0,0,0,0
617,18438.9,30.0,2,1,-1,167,1,0,147,20,0,0,0,0,0,0,0,0,0,0,0,0,0,0,0,0,0,0,0,0,0
618,18468.8,29.9,2,1,-1,151,1,0,140,11,0,0,0,0,0,0,0,0,0,0,0,0,0,0,0,0,0,0,0,0,0
619,18498.6,29.9,2,1,-1,148,1,0,137,11,0,0,0,0,0,0,0,0,0,0,0,0,0,0,0,0,0,0,0,0,0
620,18528.6,30.0,2,1,-1,158,1,0,144,14,0,0,0,0,0,0,0,0,0,0,0,0,0,0,0,0,0,0,0,0,0
621,18558.6,29.9,2,1,-1,163,1,0,147,16,0,0,0,0,0,0,0,0,0,0,0,0,0,0,0,0,0,0,0,0,0
622,18588.6,30.0,2,1,-1,155,1,0,143,12,0,0,0,0,0,0,0,0,0,0,0,0,0,0,0,0,0,0,0,0,0
623,18618.5,30.0,2,1,-1,150,1,0,136,14,0,0,0,0,0,0,0,0,0,0,0,0,0,0,0,0,0,0,0,0,0
624,18648.4,29.8,2,1,-1,149,1,0,141,8,0,0,0,0,0,0,0,0,0,0,0,0,0,0,0,0,0,0,0,0,0
625,18678.3,29.9,2,1,-1,164,1,0,147,17,0,0,0,0,0,0,0,0,0,0,0,0,0,0,0,0,0,0,0,0,0
626,18708.1,29.8,2,1,-1,163,1,0,147,16,0,0,0,0,0,0,0,0,0,0,0,0,0,0,0,0,0,0,0,0,0
627,18737.9,29.8,2,1,-1,148,1,0,137,11,0,0,0,0,0,0,0,0,0,0,0,0,0,0,0,0,0,0,0,0,0
628,18767.8,29.9,2,1,-1,156,1,0,140,16,0,0,0,0,0,0,0,0,0,0,0,0,0,0,0,0,0,0,0,0,0
629,18797.7,30.0,2,1,-1,159,1,0,139,20,0,0,0,0,0,0,0,0,0,0,0,0,0,0,0,0,0,0,0,0,0
630,18827.7,29.9,2,1,-1,153,1,0,139,14,0,0,0,0,0,0,0,0,0,0,0,0,0,0,0,0,0,0,0,0,0
631,18857.6,29.9,2,1,-1,154,1,0,143,11,0,0,0,0,0,0,0,0,0,0,0,0,0,0,0,0,0,0,0,0,0
632,18887.6,30.0,2,1,-1,148,1,0,140,8,0,0,0,0,0,0,0,0,0,0,0,0,0,0,0,0,0,0,0,0,0
633,18917.4,29.9,2,1,-1,156,1,0,142,14,0,0,0,0,0,0,0,0,0,0,0,0,0,0,0,0,0,0,0,0,0
634,18947.3,29.8,2,1,-1,163,1,0,147,16,0,0,0,0,0,0,0,0,0,0,0,0,0,0,0,0,0,0,0,0,0
635,18977.1,29.8,2,1,-1,154,1,0,143,11,0,0,0,0,0,0,0,0,0,0,0,0,0,0,0,0,0,0,0,0,0
636,19007.1,30.0,2,1,-1,157,1,0,144,13,0,0,0,0,0,0,0,0,0,0,0,0,0,0,0,0,0,0,0,0,0
637,19036.8,29.7,2,1,-1,152,1,0,141,11,0,0,0,0,0,0,0,0,0,0,0,0,0,0,0,0,0,0,0,0,0
638,19066.8,30.0,2,1,-1,161,1,0,145,16,0,0,0,0,0,0,0,0,0,0,0,0,0,0,0,0,0,0,0,0,0
639,19096.6,29.8,2,1,-1,157,1,0,146,11,0,0,0,0,0,0,0,0,0,0,0,0,0,0,0,0,0,0,0,0,0
640,19126.6,29.9,2,1,-1,158,1,0,145,13,0,0,0,0,0,0,0,0,0,0,0,0,0,0,0,0,0,0,0,0,0
641,19156.3,29.8,2,1,-1,155,1,0,143,12,0,0,0,0,0,0,0,0,0,0,0,0,0,0,0,0,0,0,0,0,0
642,19186.1,29.8,2,1,-1,165,1,0,144,21,0,0,0,0,0,0,0,0,0,0,0,0,0,0,0,0,0,0,0,0,0
643,19216.1,29.9,2,1,-1,160,1,0,140,20,0,0,0,0,0,0,0,0,0,0,0,0,0,0,0,0,0,0,0,0,0
644,19246.1,30.0,2,1,-1,156,1,0,142,14,0,0,0,0,0,0,0,0,0,0,0,0,0,0,0,0,0,0,0,0,0
645,19275.9,29.9,2,1,-1,157,1,0,143,14,0,0,0,0,0,0,0,0,0,0,0,0,0,0,0,0,0,0,0,0,0
646,19305.8,29.9,2,1,-1,157,1,0,139,18,0,0,0,0,0,0,0,0,0,0,0,0,0,0,0,0,0,0,0,0,0
647,19335.7,29.9,2,1,-1,160,1,0,148,12,0,0,0,0,0,0,0,0,0,0,0,0,0,0,0,0,0,0,0,0,0
648,19365.7,30.0,2,1,-1,159,1,0,144,15,0,0,0,0,0,0,0,0,0,0,0,0,0,0,0,0,0,0,0,0,0
649,19395.7,30.0,2,1,-1,153,1,0,140,13,0,0,0,0,0,0,0,0,0,0,0,0,0,0,0,0,0,0,0,0,0
650,19425.6,29.9,2,1,-1,157,1,0,139,18,0,0,0,0,0,0,0,0,0,0,0,0,0,0,0,0,0,0,0,0,0
651,19455.5,29.9,2,1,-1,161,1,0,144,17,0,0,0,0,0,0,0,0,0,0,0,0,0,0,0,0,0,0,0,0,0
652,19485.3,29.8,2,1,-1,159,1,0,145,14,0,0,0,0,0,0,0,0,0,0,0,0,0,0,0,0,0,0,0,0,0
653,19515.0,29.7,2,1,-1,152,1,0,140,12,0,0,0,0,0,0,0,0,0,0,0,0,0,0,0,0,0,0,0,0,0
654,19545.0,30.0,2,1,-1,159,1,0,144,15,0,0,0,0,0,0,0,0,0,0,0,0,0,0,0,0,0,0,0,0,0
655,19574.9,29.9,2,1,-1,166,1,0,147,19,0,0,0,0,0,0,0,0,0,0,0,0,0,0,0,0,0,0,0,0,0
656,19604.8,29.9,2,1,-1,161,1,0,142,19,0,0,0,0,0,0,0,0,0,0,0,0,0,0,0,0,0,0,0,0,0
657,19634.7,29.9,2,1,-1,164,1,0,147,17,0,0,0,0,0,0,0,0,0,0,0,0,0,0,0,0,0,0,0,0,0
658,19664.7,29.9,2,1,-1,163,1,0,144,19,0,0,0,0,0,0,0,0,0,0,0,0,0,0,0,0,0,0,0,0,0
659,19694.5,29.8,2,1,-1,151,1,0,141,10,0,0,0,0,0,0,0,0,0,0,0,0,0,0,0,0,0,0,0,0,0
660,19724.3,29.8,2,1,-1,157,1,0,141,16,0,0,0,0,0,0,0,0,0,0,0,0,0,0,0,0,0,0,0,0,0
661,19754.2,29.9,2,1,-1,165,1,0,150,15,0,0,0,0,0,0,0,0,0,0,0,0,0,0,0,0,0,0,0,0,0
662,19783.9,29.8,2,1,-1,157,1,0,145,12,0,0,0,0,0,0,0,0,0,0,0,0,0,0,0,0,0,0,0,0,0
663,19813.9,29.9,2,1,-1,166,1,0,150,16,0,0,0,0,0,0,0,0,0,0,0,0,0,0,0,0,0,0,0,0,0
664,19843.8,30.0,2,1,-1,162,1,0,141,21,0,0,0,0,0,0,0,0,0,0,0,0,0,0,0,0,0,0,0,0,0
665,19873.6,29.8,2,1,-1,152,1,0,140,12,0,0,0,0,0,0,0,0,0,0,0,0,0,0,0,0,0,0,0,0,0
666,19903.6,30.0,2,1,-1,164,1,0,145,19,0,0,0,0,0,0,0,0,0,0,0,0,0,0,0,0,0,0,0,0,0
667,19933.6,30.0,2,1,-1,156,1,0,143,13,0,0,0,0,0,0,0,0,0,0,0,0,0,0,0,0,0,0,0,0,0
668,19963.5,29.9,2,1,-1,163,1,0,147,16,0,0,0,0,0,0,0,0,0,0,0,0,0,0,0,0,0,0,0,0,0
669,19993.4,29.9,2,1,-1,153,1,0,141,12,0,0,0,0,0,0,0,0,0,0,0,0,0,0,0,0,0,0,0,0,0
670,20023.3,29.9,2,1,-1,162,1,0,145,17,0,0,0,0,0,0,0,0,0,0,0,0,0,0,0,0,0,0,0,0,0
671,20053.1,29.8,2,1,-1,164,1,0,146,18,0,0,0,0,0,0,0,0,0,0,0,0,0,0,0,0,0,0,0,0,0
672,20083.1,30.0,2,1,-1,153,1,0,141,12,0,0,0,0,0,0,0,0,0,0,0,0,0,0,0,0,0,0,0,0,0
673,20113.0,29.8,2,1,-1,158,1,0,139,19,0,0,0,0,0,0,0,0,0,0,0,0,0,0,0,0,0,0,0,0,0
674,20142.9,29.9,2,1,-1,157,1,0,141,16,0,0,0,0,0,0,0,0,0,0,0,0,0,0,0,0,0,0,0,0,0
675,20172.7,29.8,2,1,-1,166,1,0,146,20,0,0,0,0,0,0,0,0,0,0,0,0,0,0,0,0,0,0,0,0,0
676,20202.6,29.9,2,1,-1,151,1,0,144,7,0,0,0,0,0,0,0,0,0,0,0,0,0,0,0,0,0,0,0,0,0
677,20232.4,29.9,2,1,-1,154,1,0,143,11,0,0,0,0,0,0,0,0,0,0,0,0,0,0,0,0,0,0,0,0,0
678,20262.4,29.9,2,1,-1,155,1,0,142,13,0,0,0,0,0,0,0,0,0,0,0,0,0,0,0,0,0,0,0,0,0
679,20292.2,29.9,2,1,-1,157,1,0,138,19,0,0,0,0,0,0,0,0,0,0,0,0,0,0,0,0,0,0,0,0,0
680,20322.1,29.9,2,1,-1,159,1,0,142,17,0,0,0,0,0,0,0,0,0,0,0,0,0,0,0,0,0,0,0,0,0
681,20352.1,30.0,2,1,-1,159,1,0,141,18,0,0,0,0,0,0,0,0,0,0,0,0,0,0,0,0,0,0,0,0,0
682,20382.0,30.0,2,1,-1,161,1,0,143,18,0,0,0,0,0,0,0,0,0,0,0,0,0,0,0,0,0,0,0,0,0
683,20412.0,30.0,2,1,-1,165,1,0,146,19,0,0,0,0,0,0,0,0,0,0,0,0,0,0,0,0,0,0,0,0,0
684,20441.8,29.8,2,1,-1,160,1,0,143,17,0,0,0,0,0,0,0,0,0,0,0,0,0,0,0,0,0,0,0,0,0
685,20471.8,30.0,2,1,-1,166,1,0,143,23,0,0,0,0,0,0,0,0,0,0,0,0,0,0,0,0,0,0,0,0,0
686,20501.6,29.8,2,1,-1,158,1,0,149,9,0,0,0,0,0,0,0,0,0,0,0,0,0,0,0,0,0,0,0,0,0
687,20531.5,29.9,2,1,-1,158,1,0,144,14,0,0,0,0,0,0,0,0,0,0,0,0,0,0,0,0,0,0,0,0,0
688,20561.4,29.9,2,1,-1,161,1,0,144,17,0,0,0,0,0,0,0,0,0,0,0,0,0,0,0,0,0,0,0,0,0
689,20591.4,29.9,2,1,-1,155,1,0,144,11,0,0,0,0,0,0,0,0,0,0,0,0,0,0,0,0,0,0,0,0,0
690,20621.2,29.9,2,1,-1,162,1,0,142,20,0,0,0,0,0,0,0,0,0,0,0,0,0,0,0,0,0,0,0,0,0
691,20651.1,29.8,2,1,-1,160,1,0,145,15,0,0,0,0,0,0,0,0,0,0,0,0,0,0,0,0,0,0,0,0,0
692,20681.1,30.0,2,1,-1,155,1,0,144,11,0,0,0,0,0,0,0,0,0,0,0,0,0,0,0,0,0,0,0,0,0
693,20711.0,29.9,2,1,-1,157,1,0,146,11,0,0,0,0,0,0,0,0,0,0,0,0,0,0,0,0,0,0,0,0,0
694,20740.9,29.9,2,1,-1,156,1,0,143,13,0,0,0,0,0,0,0,0,0,0,0,0,0,0,0,0,0,0,0,0,0
695,20770.9,30.0,2,1,-1,155,1,0,146,9,0,0,0,0,0,0,0,0,0,0,0,0,0,0,0,0,0,0,0,0,0
696,20800.9,30.0,2,1,-1,154,1,0,140,14,0,0,0,0,0,0,0,0,0,0,0,0,0,0,0,0,0,0,0,0,0
697,20830.7,29.9,2,1,-1,160,1,0,143,17,0,0,0,0,0,0,0,0,0,0,0,0,0,0,0,0,0,0,0,0,0
698,20860.5,29.8,2,1,-1,150,1,0,139,11,0,0,0,0,0,0,0,0,0,0,0,0,0,0,0,0,0,0,0,0,0
699,20890.4,29.9,2,1,-1,156,1,0,143,13,0,0,0,0,0,0,0,0,0,0,0,0,0,0,0,0,0,0,0,0,0
700,20920.3,29.9,2,1,-1,157,1,0,142,15,0,0,0,0,0,0,0,0,0,0,0,0,0,0,0,0,0,0,0,0,0
701,20950.3,30.0,2,1,-1,157,1,0,141,16,0,0,0,0,0,0,0,0,0,0,0,0,0,0,0,0,0,0,0,0,0
702,20980.1,29.8,2,1,-1,157,1,0,142,15,0,0,0,0,0,0,0,0,0,0,0,0,0,0,0,0,0,0,0,0,0
703,21009.8,29.7,2,1,-1,161,1,0,146,15,0,0,0,0,0,0,0,0,0,0,0,0,0,0,0,0,0,0,0,0,0
704,21039.6,29.8,2,1,-1,155,1,0,141,14,0,0,0,0,0,0,0,0,0,0,0,0,0,0,0,0,0,0,0,0,0
705,21069.5,29.9,2,1,-1,155,1,0,143,12,0,0,0,0,0,0,0,0,0,0,0,0,0,0,0,0,0,0,0,0,0
706,21099.4,29.9,2,1,-1,157,1,0,144,13,0,0,0,0,0,0,0,0,0,0,0,0,0,0,0,0,0,0,0,0,0
707,21129.3,29.9,2,1,-1,163,1,0,146,17,0,0,0,0,0,0,0,0,0,0,0,0,0,0,0,0,0,0,0,0,0
708,21159.1,29.8,2,1,-1,150,1,0,142,8,0,0,0,0,0,0,0,0,0,0,0,0,0,0,0,0,0,0,0,0,0
709,21189.0,29.9,2,1,-1,161,1,0,146,15,0,0,0,0,0,0,0,0,0,0,0,0,0,0,0,0,0,0,0,0,0
710,21218.8,29.9,2,1,-1,157,1,0,143,14,0,0,0,0,0,0,0,0,0,0,0,0,0,0,0,0,0,0,0,0,0
711,21248.8,29.9,2,1,-1,161,1,0,148,13,0,0,0,0,0,0,0,0,0,0,0,0,0,0,0,0,0,0,0,0,0
712,21278.6,29.8,2,1,-1,159,1,0,144,15,0,0,0,0,0,0,0,0,0,0,0,0,0,0,0,0,0,0,0,0,0
713,21308.5,29.9,2,1,-1,156,1,0,145,11,0,0,0,0,0,0,0,0,0,0,0,0,0,0,0,0,0,0,0,0,0
714,21338.4,29.8,2,1,-1,164,1,0,144,20,0,0,0,0,0,0,0,0,0,0,0,0,0,0,0,0,0,0,0,0,0
715,21368.3,30.0,2,1,-1,166,1,0,145,21,0,0,0,0,0,0,0,0,0,0,0,0,0,0,0,0,0,0,0,0,0
716,21398.3,29.9,2,1,-1,162,1,0,143,19,0,0,0,0,0,0,0,0,0,0,0,0,0,0,0,0,0,0,0,0,0
717,21428.1,29.9,2,1,-1,151,1,0,142,9,0,0,0,0,0,0,0,0,0,0,0,0,0,0,0,0,0,0,0,0,0
718,21458.1,30.0,2,1,-1,154,1,0,139,15,0,0,0,0,0,0,0,0,0,0,0,0,0,0,0,0,0,0,0,0,0
719,21487.9,29.8,2,1,-1,152,1,0,139,13,0,0,0,0,0,0,0,0,0,0,0,0,0,0,0,0,0,0,0,0,0
720,21517.7,29.8,2,1,-1,153,1,0,140,13,0,0,0,0,0,0,0,0,0,0,0,0,0,0,0,0,0,0,0,0,0
721,21547.5,29.8,2,1,-1,157,1,0,144,13,0,0,0,0,0,0,0,0,0,0,0,0,0,0,0,0,0,0,0,0,0
722,21577.4,29.9,2,1,-1,160,1,0,144,16,0,0,0,0,0,0,0,0,0,0,0,0,0,0,0,0,0,0,0,0,0
723,21607.4,30.0,2,1,-1,149,1,0,137,12,0,0,0,0,0,0,0,0,0,0,0,0,0,0,0,0,0,0,0,0,0
724,21637.3,29.8,2,1,-1,158,1,0,144,14,0,0,0,0,0,0,0,0,0,0,0,0,0,0,0,0,0,0,0,0,0
725,21667.3,30.0,2,1,-1,158,1,0,142,16,0,0,0,0,0,0,0,0,0,0,0,0,0,0,0,0,0,0,0,0,0
726,21697.2,29.9,2,1,-1,156,1,0,142,14,0,0,0,0,0,0,0,0,0,0,0,0,0,0,0,0,0,0,0,0,0
727,21727.0,29.8,2,1,-1,151,1,0,142,9,0,0,0,0,0,0,0,0,0,0,0,0,0,0,0,0,0,0,0,0,0
728,21756.9,29.9,2,1,-1,153,1,0,143,10,0,0,0,0,0,0,0,0,0,0,0,0,0,0,0,0,0,0,0,0,0
729,21786.8,29.9,2,1,-1,155,1,0,142,13,0,0,0,0,0,0,0,0,0,0,0,0,0,0,0,0,0,0,0,0,0
730,21816.6,29.9,2,1,-1,148,1,0,137,11,0,0,0,0,0,0,0,0,0,0,0,0,0,0,0,0,0,0,0,0,0
731,21846.4,29.8,2,1,-1,160,1,0,143,17,0,0,0,0,0,0,0,0,0,0,0,0,0,0,0,0,0,0,0,0,0
732,21876.3,29.9,2,1,-1,161,1,0,145,16,0,0,0,0,0,0,0,0,0,0,0,0,0,0,0,0,0,0,0,0,0
733,21906.2,29.9,2,1,-1,152,1,0,141,11,0,0,0,0,0,0,0,0,0,0,0,0,0,0,0,0,0,0,0,0,0
734,21936.1,29.9,2,1,-1,159,1,0,142,17,0,0,0,0,0,0,0,0,0,0,0,0,0,0,0,0,0,0,0,0,0
735,21966.1,30.0,2,1,-1,157,1,0,141,16,0,0,0,0,0,0,0,0,0,0,0,0,0,0,0,0,0,0,0,0,0
736,21995.9,29.9,2,1,-1,156,1,0,145,11,0,0,0,0,0,0,0,0,0,0,0,0,0,0,0,0,0,0,0,0,0
737,22025.8,29.9,2,1,-1,156,1,0,139,17,0,0,0,0,0,0,0,0,0,0,0,0,0,0,0,0,0,0,0,0,0
738,22055.6,29.8,2,1,-1,150,1,0,142,8,0,0,0,0,0,0,0,0,0,0,0,0,0,0,0,0,0,0,0,0,0
739,22085.5,29.9,2,1,-1,154,1,0,140,14,0,0,0,0,0,0,0,0,0,0,0,0,0,0,0,0,0,0,0,0,0
740,22115.5,29.9,2,1,-1,158,1,0,143,15,0,0,0,0,0,0,0,0,0,0,0,0,0,0,0,0,0,0,0,0,0
741,22145.3,29.9,2,1,-1,162,1,0,143,19,0,0,0,0,0,0,0,0,0,0,0,0,0,0,0,0,0,0,0,0,0
742,22175.3,30.0,2,1,-1,150,1,0,140,10,0,0,0,0,0,0,0,0,0,0,0,0,0,0,0,0,0,0,0,0,0
743,22205.1,29.8,2,1,-1,152,1,0,141,11,0,0,0,0,0,0,0,0,0,0,0,0,0,0,0,0,0,0,0,0,0
744,22235.1,30.0,2,1,-1,162,1,0,144,18,0,0,0,0,0,0,0,0,0,0,0,0,0,0,0,0,0,0,0,0,0
745,22264.9,29.8,2,1,-1,159,1,0,144,15,0,0,0,0,0,0,0,0,0,0,0,0,0,0,0,0,0,0,0,0,0
746,22294.6,29.8,2,1,-1,158,1,0,142,16,0,0,0,0,0,0,0,0,0,0,0,0,0,0,0,0,0,0,0,0,0
747,22324.4,29.7,2,1,-1,149,1,0,140,9,0,0,0,0,0,0,0,0,0,0,0,0,0,0,0,0,0,0,0,0,0
748,22354.2,29.8,2,1,-1,160,1,0,142,18,0,0,0,0,0,0,0,0,0,0,0,0,0,0,0,0,0,0,0,0,0
749,22383.9,29.7,2,1,-1,155,1,0,135,20,0,0,0,0,0,0,0,0,0,0,0,0,0,0,0,0,0,0,0,0,0
750,22413.8,29.9,2,1,-1,168,1,0,144,24,0,0,0,0,0,0,0,0,0,0,0,0,0,0,0,0,0,0,0,0,0
751,22443.5,29.8,2,1,-1,154,1,0,144,10,0,0,0,0,0,0,0,0,0,0,0,0,0,0,0,0,0,0,0,0,0
752,22473.4,29.9,2,1,-1,159,1,0,145,14,0,0,0,0,0,0,0,0,0,0,0,0,0,0,0,0,0,0,0,0,0
753,22503.3,29.9,2,1,-1,156,1,0,143,13,0,0,0,0,0,0,0,0,0,0,0,0,0,0,0,0,0,0,0,0,0
754,22533.2,29.8,2,1,-1,149,1,0,140,9,0,0,0,0,0,0,0,0,0,0,0,0,0,0,0,0,0,0,0,0,0
755,22563.0,29.8,2,1,-1,157,1,0,142,15,0,0,0,0,0,0,0,0,0,0,0,0,0,0,0,0,0,0,0,0,0
756,22592.9,29.9,2,1,-1,150,1,0,138,12,0,0,0,0,0,0,0,0,0,0,0,0,0,0,0,0,0,0,0,0,0
757,22622.7,29.8,2,1,-1,162,1,0,142,20,0,0,0,0,0,0,0,0,0,0,0,0,0,0,0,0,0,0,0,0,0
758,22652.4,29.7,2,1,-1,152,1,0,139,13,0,0,0,0,0,0,0,0,0,0,0,0,0,0,0,0,0,0,0,0,0
759,22682.4,30.0,2,1,-1,158,1,0,146,12,0,0,0,0,0,0,0,0,0,0,0,0,0,0,0,0,0,0,0,0,0
760,22712.3,29.9,2,1,-1,163,1,0,147,16,0,0,0,0,0,0,0,0,0,0,0,0,0,0,0,0,0,0,0,0,0
761,22742.1,29.8,2,1,-1,165,1,0,144,21,0,0,0,0,0,0,0,0,0,0,0,0,0,0,0,0,0,0,0,0,0
762,22771.9,29.8,2,1,-1,147,1,0,140,7,0,0,0,0,0,0,0,0,0,0,0,0,0,0,0,0,0,0,0,0,0
763,22801.7,29.8,2,1,-1,161,1,0,144,17,0,0,0,0,0,0,0,0,0,0,0,0,0,0,0,0,0,0,0,0,0
764,22831.7,30.0,2,1,-1,157,1,0,144,13,0,0,0,0,0,0,0,0,0,0,0,0,0,0,0,0,0,0,0,0,0
765,22861.4,29.7,2,1,-1,158,1,0,138,20,0,0,0,0,0,0,0,0,0,0,0,0,0,0,0,0,0,0,0,0,0
766,22891.4,29.9,2,1,-1,155,1,0,145,10,0,0,0,0,0,0,0,0,0,0,0,0,0,0,0,0,0,0,0,0,0
767,22921.1,29.7,2,1,-1,155,1,0,145,10,0,0,0,0,0,0,0,0,0,0,0,0,0,0,0,0,0,0,0,0,0
768,22950.9,29.9,2,1,-1,166,1,0,149,17,0,0,0,0,0,0,0,0,0,0,0,0,0,0,0,0,0,0,0,0,0
769,22980.9,30.0,3,1,-1,103,1,0,96,7,0,0,0,0,0,0,0,0,0,1,0,0,0,0,0,0,0,0,0,0,0
770,23010.9,29.9,2,1,-1,160,1,0,140,20,0,0,0,0,0,0,0,0,0,0,0,0,0,0,0,0,0,0,0,0,0
771,23040.8,30.0,2,1,-1,158,1,0,142,16,0,0,0,0,0,0,0,0,0,0,0,0,0,0,0,0,0,0,0,0,0
772,23070.8,30.0,2,1,-1,161,1,0,144,17,0,0,0,0,0,0,0,0,0,0,0,0,0,0,0,0,0,0,0,0,0
773,23100.8,30.0,2,1,-1,159,1,0,146,13,0,0,0,0,0,0,0,0,0,0,0,0,0,0,0,0,0,0,0,0,0
774,23130.7,29.9,2,1,-1,160,1,0,141,19,0,0,0,0,0,0,0,0,0,0,0,0,0,0,0,0,0,0,0,0,0
775,23160.6,30.0,2,1,-1,162,1,0,146,16,0,0,0,0,0,0,0,0,0,0,0,0,0,0,0,0,0,0,0,0,0
776,23190.5,29.8,2,1,-1,152,1,0,139,13,0,0,0,0,0,0,0,0,0,0,0,0,0,0,0,0,0,0,0,0,0
777,23220.4,29.9,2,1,-1,160,1,0,144,16,0,0,0,0,0,0,0,0,0,0,0,0,0,0,0,0,0,0,0,0,0
778,23250.3,29.9,2,1,-1,150,1,0,141,9,0,0,0,0,0,0,0,0,0,0,0,0,0,0,0,0,0,0,0,0,0
779,23280.2,30.0,2,1,-1,155,1,0,142,13,0,0,0,0,0,0,0,0,0,0,0,0,0,0,0,0,0,0,0,0,0
780,23310.2,29.9,2,1,-1,153,1,0,138,15,0,0,0,0,0,0,0,0,0,0,0,0,0,0,0,0,0,0,0,0,0
781,23340.1,29.9,2,1,-1,156,1,0,144,12,0,0,0,0,0,0,0,0,0,0,0,0,0,0,0,0,0,0,0,0,0
782,23369.9,29.8,2,1,-1,157,1,0,142,15,0,0,0,0,0,0,0,0,0,0,0,0,0,0,0,0,0,0,0,0,0
783,23399.7,29.8,2,1,-1,154,1,0,145,9,0,0,0,0,0,0,0,0,0,0,0,0,0,0,0,0,0,0,0,0,0
784,23429.6,29.9,2,1,-1,159,1,0,144,15,0,0,0,0,0,0,0,0,0,0,0,0,0,0,0,0,0,0,0,0,0
785,23459.5,29.9,2,1,-1,161,1,0,147,14,0,0,0,0,0,0,0,0,0,0,0,0,0,0,0,0,0,0,0,0,0
786,23489.5,30.0,2,1,-1,161,1,0,146,15,0,0,0,0,0,0,0,0,0,0,0,0,0,0,0,0,0,0,0,0,0
787,23519.4,29.9,2,1,-1,164,1,0,142,22,0,0,0,0,0,0,0,0,0,0,0,0,0,0,0,0,0,0,0,0,0
788,23549.3,29.8,2,1,-1,151,1,0,137,14,0,0,0,0,0,0,0,0,0,0,0,0,0,0,0,0,0,0,0,0,0
789,23579.2,30.0,2,1,-1,158,1,0,146,12,0,0,0,0,0,0,0,0,0,0,0,0,0,0,0,0,0,0,0,0,0
790,23609.1,29.9,2,1,-1,158,1,0,145,13,0,0,0,0,0,0,0,0,0,0,0,0,0,0,0,0,0,0,0,0,0
791,23639.0,29.9,2,1,-1,154,1,0,140,14,0,0,0,0,0,0,0,0,0,0,0,0,0,0,0,0,0,0,0,0,0
792,23668.9,29.9,2,1,-1,158,1,0,145,13,0,0,0,0,0,0,0,0,0,0,0,0,0,0,0,0,0,0,0,0,0
793,23698.9,30.0,2,1,-1,158,1,0,147,11,0,0,0,0,0,0,0,0,0,0,0,0,0,0,0,0,0,0,0,0,0
794,23728.7,29.9,2,1,-1,156,1,0,143,13,0,0,0,0,0,0,0,0,0,0,0,0,0,0,0,0,0,0,0,0,0
795,23758.7,30.0,2,1,-1,155,1,0,141,14,0,0,0,0,0,0,0,0,0,0,0,0,0,0,0,0,0,0,0,0,0
796,23788.6,29.9,2,1,-1,150,1,0,141,9,0,0,0,0,0,0,0,0,0,0,0,0,0,0,0,0,0,0,0,0,0
797,23818.5,29.8,2,1,-1,149,1,0,140,9,0,0,0,0,0,0,0,0,0,0,0,0,0,0,0,0,0,0,0,0,0
798,23848.4,29.9,2,1,-1,153,1,0,143,10,0,0,0,0,0,0,0,0,0,0,0,0,0,0,0,0,0,0,0,0,0
799,23878.2,29.8,2,1,-1,158,1,0,143,15,0,0,0,0,0,0,0,0,0,0,0,0,0,0,0,0,0,0,0,0,0
800,23908.1,29.9,2,1,-1,154,1,0,141,13,0,0,0,0,0,0,0,0,0,0,0,0,0,0,0,0,0,0,0,0,0
801,23938.0,29.9,2,1,-1,159,1,0,142,17,0,0,0,0,0,0,0,0,0,0,0,0,0,0,0,0,0,0,0,0,0
802,23968.0,30.0,2,1,-1,166,1,0,144,22,0,0,0,0,0,0,0,0,0,0,0,0,0,0,0,0,0,0,0,0,0
803,23997.8,29.9,2,1,-1,144,1,0,141,3,0,0,0,0,0,0,0,0,0,0,0,0,0,0,0,0,0,0,0,0,0
804,24027.7,29.9,2,1,-1,149,1,0,141,8,0,0,0,0,0,0,0,0,0,0,0,0,0,0,0,0,0,0,0,0,0
805,24057.6,29.9,2,1,-1,159,1,0,148,11,0,0,0,0,0,0,0,0,0,0,0,0,0,0,0,0,0,0,0,0,0
806,24087.5,29.9,2,1,-1,158,1,0,141,17,0,0,0,0,0,0,0,0,0,0,0,0,0,0,0,0,0,0,0,0,0
807,24117.5,29.9,2,1,-1,154,1,0,143,11,0,0,0,0,0,0,0,0,0,0,0,0,0,0,0,0,0,0,0,0,0
808,24147.4,30.0,2,1,-1,156,1,0,138,18,0,0,0,0,0,0,0,0,0,0,0,0,0,0,0,0,0,0,0,0,0
809,24177.2,29.8,2,1,-1,155,1,0,142,13,0,0,0,0,0,0,0,0,0,0,0,0,0,0,0,0,0,0,0,0,0
810,24207.1,29.9,2,1,-1,163,1,0,147,16,0,0,0,0,0,0,0,0,0,0,0,0,0,0,0,0,0,0,0,0,0
811,24236.9,29.8,2,1,-1,151,1,0,142,9,0,0,0,0,0,0,0,0,0,0,0,0,0,0,0,0,0,0,0,0,0
812,24266.7,29.8,2,1,-1,154,1,0,141,13,0,0,0,0,0,0,0,0,0,0,0,0,0,0,0,0,0,0,0,0,0
813,24296.7,29.9,2,1,-1,160,1,0,149,11,0,0,0,0,0,0,0,0,0,0,0,0,0,0,0,0,0,0,0,0,0
814,24326.5,29.9,2,1,-1,154,1,0,139,15,0,0,0,0,0,0,0,0,0,0,0,0,0,0,0,0,0,0,0,0,0
815,24356.3,29.8,2,1,-1,161,1,0,146,15,0,0,0,0,0,0,0,0,0,0,0,0,0,0,0,0,0,0,0,0,0
816,24386.2,29.9,2,1,-1,149,1,0,140,9,0,0,0,0,0,0,0,0,0,0,0,0,0,0,0,0,0,0,0,0,0
817,24416.1,29.8,2,1,-1,161,1,0,145,16,0,0,0,0,0,0,0,0,0,0,0,0,0,0,0,0,0,0,0,0,0
818,24445.7,29.7,2,1,-1,161,1,0,146,15,0,0,0,0,0,0,0,0,0,0,0,0,0,0,0,0,0,0,0,0,0
819,24475.7,30.0,2,1,-1,160,1,0,142,18,0,0,0,0,0,0,0,0,0,0,0,0,0,0,0,0,0,0,0,0,0
820,24505.5,29.8,2,1,-1,160,1,0,143,17,0,0,0,0,0,0,0,0,0,0,0,0,0,0,0,0,0,0,0,0,0
821,24535.4,29.9,2,1,-1,161,1,0,145,16,0,0,0,0,0,0,0,0,0,0,0,0,0,0,0,0,0,0,0,0,0
822,24565.3,30.0,2,1,-1,158,1,0,137,21,0,0,0,0,0,0,0,0,0,0,0,0,0,0,0,0,0,0,0,0,0
823,24595.1,29.8,2,1,-1,171,1,0,143,28,0,0,0,0,0,0,0,0,0,0,0,0,0,0,0,0,0,0,0,0,0
824,24625.1,30.0,2,1,-1,159,1,0,144,15,0,0,0,0,0,0,0,0,0,0,0,0,0,0,0,0,0,0,0,0,0
825,24654.9,29.8,2,1,-1,150,1,0,142,8,0,0,0,0,0,0,0,0,0,0,0,0,0,0,0,0,0,0,0,0,0
826,24684.8,29.9,2,1,-1,150,1,0,138,12,0,0,0,0,0,0,0,0,0,0,0,0,0,0,0,0,0,0,0,0,0
827,24714.7,30.0,2,1,-1,154,1,0,143,11,0,0,0,0,0,0,0,0,0,0,0,0,0,0,0,0,0,0,0,0,0
828,24744.6,29.8,2,1,-1,151,1,0,141,10,0,0,0,0,0,0,0,0,0,0,0,0,0,0,0,0,0,0,0,0,0
829,24774.5,29.9,2,1,-1,158,1,0,147,11,0,0,0,0,0,0,0,0,0,0,0,0,0,0,0,0,0,0,0,0,0
830,24804.4,29.9,2,1,-1,162,1,0,146,16,0,0,0,0,0,0,0,0,0,0,0,0,0,0,0,0,0,0,0,0,0
831,24834.4,30.0,2,1,-1,153,1,0,139,14,0,0,0,0,0,0,0,0,0,0,0,0,0,0,0,0,0,0,0,0,0
832,24864.3,29.9,2,1,-1,158,1,0,142,16,0,0,0,0,0,0,0,0,0,0,0,0,0,0,0,0,0,0,0,0,0
833,24894.2,29.9,2,1,-1,155,1,0,145,10,0,0,0,0,0,0,0,0,0,0,0,0,0,0,0,0,0,0,0,0,0
834,24924.1,29.9,2,1,-1,156,1,0,141,15,0,0,0,0,0,0,0,0,0,0,0,0,0,0,0,0,0,0,0,0,0
835,24954.0,30.0,2,1,-1,159,1,0,146,13,0,0,0,0,0,0,0,0,0,0,0,0,0,0,0,0,0,0,0,0,0
836,24983.9,29.9,2,1,-1,156,1,0,141,15,0,0,0,0,0,0,0,0,0,0,0,0,0,0,0,0,0,0,0,0,0
837,25013.9,30.0,2,1,-1,160,1,0,142,18,0,0,0,0,0,0,0,0,0,0,0,0,0,0,0,0,0,0,0,0,0
838,25043.9,30.0,2,1,-1,161,1,0,144,17,0,0,0,0,0,0,0,0,0,0,0,0,0,0,0,0,0,0,0,0,0
839,25073.7,29.8,2,1,-1,162,1,0,143,19,0,0,0,0,0,0,0,0,0,0,0,0,0,0,0,0,0,0,0,0,0
840,25103.5,29.8,2,1,-1,162,1,0,148,14,0,0,0,0,0,0,0,0,0,0,0,0,0,0,0,0,0,0,0,0,0
841,25133.3,29.7,2,1,-1,162,1,0,148,14,0,0,0,0,0,0,0,0,0,0,0,0,0,0,0,0,0,0,0,0,0
842,25163.2,29.9,2,1,-1,157,1,0,143,14,0,0,0,0,0,0,0,0,0,0,0,0,0,0,0,0,0,0,0,0,0
843,25193.2,30.0,2,1,-1,159,1,0,143,16,0,0,0,0,0,0,0,0,0,0,0,0,0,0,0,0,0,0,0,0,0
844,25223.1,30.0,2,1,-1,157,1,0,145,12,0,0,0,0,0,0,0,0,0,0,0,0,0,0,0,0,0,0,0,0,0
845,25252.9,29.8,2,1,-1,149,1,0,139,10,0,0,0,0,0,0,0,0,0,0,0,0,0,0,0,0,0,0,0,0,0
846,25282.7,29.8,2,1,-1,156,1,0,144,12,0,0,0,0,0,0,0,0,0,0,0,0,0,0,0,0,0,0,0,0,0
847,25312.5,29.8,2,1,-1,162,1,0,147,15,0,0,0,0,0,0,0,0,0,0,0,0,0,0,0,0,0,0,0,0,0
848,25342.2,29.8,2,1,-1,155,1,0,140,15,0,0,0,0,0,0,0,0,0,0,0,0,0,0,0,0,0,0,0,0,0
849,25372.0,29.8,2,1,-1,154,1,0,142,12,0,0,0,0,0,0,0,0,0,0,0,0,0,0,0,0,0,0,0,0,0
850,25401.9,29.8,2,1,-1,155,1,0,139,16,0,0,0,0,0,0,0,0,0,0,0,0,0,0,0,0,0,0,0,0,0
851,25431.8,30.0,2,1,-1,157,1,0,145,12,0,0,0,0,0,0,0,0,0,0,0,0,0,0,0,0,0,0,0,0,0
852,25461.8,29.9,2,1,-1,157,1,0,143,14,0,0,0,0,0,0,0,0,0,0,0,0,0,0,0,0,0,0,0,0,0
853,25491.6,29.9,2,1,-1,160,1,0,144,16,0,0,0,0,0,0,0,0,0,0,0,0,0,0,0,0,0,0,0,0,0
854,25521.5,29.9,2,1,-1,158,1,0,144,14,0,0,0,0,0,0,0,0,0,0,0,0,0,0,0,0,0,0,0,0,0
855,25551.5,30.0,2,1,-1,154,1,0,140,14,0,0,0,0,0,0,0,0,0,0,0,0,0,0,0,0,0,0,0,0,0
856,25581.3,29.9,2,1,-1,151,1,0,143,8,0,0,0,0,0,0,0,0,0,0,0,0,0,0,0,0,0,0,0,0,0
857,25611.3,29.9,2,1,-1,156,1,0,141,15,0,0,0,0,0,0,0,0,0,0,0,0,0,0,0,0,0,0,0,0,0
858,25641.0,29.8,2,1,-1,156,1,0,138,18,0,0,0,0,0,0,0,0,0,0,0,0,0,0,0,0,0,0,0,0,0
859,25670.9,29.9,2,1,-1,159,1,0,144,15,0,0,0,0,0,0,0,0,0,0,0,0,0,0,0,0,0,0,0,0,0
860,25700.7,29.8,2,1,-1,153,1,0,143,10,0,0,0,0,0,0,0,0,0,0,0,0,0,0,0,0,0,0,0,0,0
861,25730.6,29.9,2,1,-1,153,1,0,142,11,0,0,0,0,0,0,0,0,0,0,0,0,0,0,0,0,0,0,0,0,0
862,25760.5,29.9,2,1,-1,166,1,0,140,26,0,0,0,0,0,0,0,0,0,0,0,0,0,0,0,0,0,0,0,0,0
863,25790.4,29.9,2,1,-1,154,1,0,141,13,0,0,0,0,0,0,0,0,0,0,0,0,0,0,0,0,0,0,0,0,0
864,25820.1,29.7,2,1,-1,154,1,0,137,17,0,0,0,0,0,0,0,0,0,0,0,0,0,0,0,0,0,0,0,0,0
865,25850.0,29.9,2,1,-1,159,1,0,143,16,0,0,0,0,0,0,0,0,0,0,0,0,0,0,0,0,0,0,0,0,0
866,25879.8,29.8,2,1,-1,164,1,0,145,19,0,0,0,0,0,0,0,0,0,0,0,0,0,0,0,0,0,0,0,0,0
867,25909.7,29.9,2,1,-1,159,1,0,144,15,0,0,0,0,0,0,0,0,0,0,0,0,0,0,0,0,0,0,0,0,0
868,25939.6,30.0,2,1,-1,158,1,0,149,9,0,0,0,0,0,0,0,0,0,0,0,0,0,0,0,0,0,0,0,0,0
869,25969.6,29.9,2,1,-1,167,1,0,148,19,0,0,0,0,0,0,0,0,0,0,0,0,0,0,0,0,0,0,0,0,0
870,25999.5,29.9,2,1,-1,150,1,0,137,13,0,0,0,0,0,0,0,0,0,0,0,0,0,0,0,0,0,0,0,0,0
871,26029.4,29.9,2,1,-1,145,1,0,138,7,0,0,0,0,0,0,0,0,0,0,0,0,0,0,0,0,0,0,0,0,0
872,26059.3,30.0,2,1,-1,160,1,0,143,17,0,0,0,0,0,0,0,0,0,0,0,0,0,0,0,0,0,0,0,0,0
873,26089.2,29.9,2,1,-1,160,1,0,144,16,0,0,0,0,0,0,0,0,0,0,0,0,0,0,0,0,0,0,0,0,0
874,26119.1,30.0,2,1,-1,154,1,0,140,14,0,0,0,0,0,0,0,0,0,0,0,0,0,0,0,0,0,0,0,0,0
875,26149.1,30.0,2,1,-1,160,1,0,140,20,0,0,0,0,0,0,0,0,0,0,0,0,0,0,0,0,0,0,0,0,0
876,26179.0,29.9,2,1,-1,156,1,0,144,12,0,0,0,0,0,0,0,0,0,0,0,0,0,0,0,0,0,0,0,0,0
877,26208.9,29.9,2,1,-1,165,1,0,145,20,0,0,0,0,0,0,0,0,0,0,0,0,0,0,0,0,0,0,0,0,0
878,26238.8,29.9,2,1,-1,156,1,0,139,17,0,0,0,0,0,0,0,0,0,0,0,0,0,0,0,0,0,0,0,0,0
879,26268.7,29.9,2,1,-1,152,1,0,137,15,0,0,0,0,0,0,0,0,0,0,0,0,0,0,0,0,0,0,0,0,0
880,26298.5,29.9,2,1,-1,156,1,0,143,13,0,0,0,0,0,0,0,0,0,0,0,0,0,0,0,0,0,0,0,0,0
881,26328.5,30.0,2,1,-1,163,1,0,146,17,0,0,0,0,0,0,0,0,0,0,0,0,0,0,0,0,0,0,0,0,0
882,26358.5,30.0,2,1,-1,148,1,0,142,6,0,0,0,0,0,0,0,0,0,0,0,0,0,0,0,0,0,0,0,0,0
883,26388.4,29.9,2,1,-1,158,1,0,141,17,0,0,0,0,0,0,0,0,0,0,0,0,0,0,0,0,0,0,0,0,0
884,26418.2,29.8,2,1,-1,154,1,0,144,10,0,0,0,0,0,0,0,0,0,0,0,0,0,0,0,0,0,0,0,0,0
885,26448.2,30.0,2,1,-1,163,1,0,147,16,0,0,0,0,0,0,0,0,0,0,0,0,0,0,0,0,0,0,0,0,0
886,26478.1,29.9,2,1,-1,156,1,0,141,15,0,0,0,0,0,0,0,0,0,0,0,0,0,0,0,0,0,0,0,0,0
887,26508.0,29.9,2,1,-1,154,1,0,141,13,0,0,0,0,0,0,0,0,0,0,0,0,0,0,0,0,0,0,0,0,0
888,26538.0,30.0,2,1,-1,157,1,0,141,16,0,0,0,0,0,0,0,0,0,0,0,0,0,0,0,0,0,0,0,0,0
889,26567.8,29.8,2,1,-1,153,1,0,139,14,0,0,0,0,0,0,0,0,0,0,0,0,0,0,0,0,0,0,0,0,0
890,26597.7,29.8,2,1,-1,150,1,0,138,12,0,0,0,0,0,0,0,0,0,0,0,0,0,0,0,0,0,0,0,0,0
891,26627.6,29.9,2,1,-1,152,1,0,142,10,0,0,0,0,0,0,0,0,0,0,0,0,0,0,0,0,0,0,0,0,0
892,26657.4,29.9,2,1,-1,154,1,0,141,13,0,0,0,0,0,0,0,0,0,0,0,0,0,0,0,0,0,0,0,0,0
893,26687.3,29.9,2,1,-1,155,1,0,145,10,0,0,0,0,0,0,0,0,0,0,0,0,0,0,0,0,0,0,0,0,0
894,26717.2,29.9,2,1,-1,155,1,0,140,15,0,0,0,0,0,0,0,0,0,0,0,0,0,0,0,0,0,0,0,0,0
895,26747.2,30.0,2,1,-1,152,1,0,143,9,0,0,0,0,0,0,0,0,0,0,0,0,0,0,0,0,0,0,0,0,0
896,26777.1,29.9,2,1,-1,159,1,0,142,17,0,0,0,0,0,0,0,0,0,0,0,0,0,0,0,0,0,0,0,0,0
897,26807.1,30.0,2,1,-1,161,1,0,147,14,0,0,0,0,0,0,0,0,0,0,0,0,0,0,0,0,0,0,0,0,0
898,26837.0,29.9,2,1,-1,163,1,0,147,16,0,0,0,0,0,0,0,0,0,0,0,0,0,0,0,0,0,0,0,0,0
899,26866.8,29.9,2,1,-1,152,1,0,134,18,0,0,0,0,0,0,0,0,0,0,0,0,0,0,0,0,0,0,0,0,0
900,26896.7,29.9,2,1,-1,156,1,0,145,11,0,0,0,0,0,0,0,0,0,0,0,0,0,0,0,0,0,0,0,0,0
901,26926.6,29.9,2,1,-1,156,1,0,141,15,0,0,0,0,0,0,0,0,0,0,0,0,0,0,0,0,0,0,0,0,0
902,26956.6,30.0,2,1,-1,152,1,0,143,9,0,0,0,0,0,0,0,0,0,0,0,0,0,0,0,0,0,0,0,0,0
903,26986.5,30.0,2,1,-1,153,1,0,144,9,0,0,0,0,0,0,0,0,0,0,0,0,0,0,0,0,0,0,0,0,0
904,27016.5,30.0,2,1,-1,157,1,0,144,13,0,0,0,0,0,0,0,0,0,0,0,0,0,0,0,0,0,0,0,0,0
905,27046.4,29.9,2,1,-1,151,1,0,142,9,0,0,0,0,0,0,0,0,0,0,0,0,0,0,0,0,0,0,0,0,0
906,27076.3,29.9,2,1,-1,157,1,0,141,16,0,0,0,0,0,0,0,0,0,0,0,0,0,0,0,0,0,0,0,0,0
907,27106.3,30.0,2,1,-1,159,1,0,145,14,0,0,0,0,0,0,0,0,0,0,0,0,0,0,0,0,0,0,0,0,0
908,27136.1,29.8,2,1,-1,163,1,0,144,19,0,0,0,0,0,0,0,0,0,0,0,0,0,0,0,0,0,0,0,0,0
909,27166.0,29.9,2,1,-1,150,1,0,138,12,0,0,0,0,0,0,0,0,0,0,0,0,0,0,0,0,0,0,0,0,0
910,27195.8,29.8,2,1,-1,152,1,0,138,14,0,0,0,0,0,0,0,0,0,0,0,0,0,0,0,0,0,0,0,0,0
911,27225.8,30.0,2,1,-1,153,1,0,141,12,0,0,0,0,0,0,0,0,0,0,0,0,0,0,0,0,0,0,0,0,0
912,27255.6,29.9,2,1,-1,159,1,0,142,17,0,0,0,0,0,0,0,0,0,0,0,0,0,0,0,0,0,0,0,0,0
913,27285.6,29.9,2,1,-1,157,1,0,145,12,0,0,0,0,0,0,0,0,0,0,0,0,0,0,0,0,0,0,0,0,0
914,27315.5,29.9,2,1,-1,158,1,0,143,15,0,0,0,0,0,0,0,0,0,0,0,0,0,0,0,0,0,0,0,0,0
915,27345.1,29.7,2,1,-1,158,1,0,141,17,0,0,0,0,0,0,0,0,0,0,0,0,0,0,0,0,0,0,0,0,0
916,27375.1,29.9,2,1,-1,161,1,0,148,13,0,0,0,0,0,0,0,0,0,0,0,0,0,0,0,0,0,0,0,0,0
917,27405.0,29.9,2,1,-1,155,1,0,141,14,0,0,0,0,0,0,0,0,0,0,0,0,0,0,0,0,0,0,0,0,0
918,27434.9,30.0,2,1,-1,161,1,0,144,17,0,0,0,0,0,0,0,0,0,0,0,0,0,0,0,0,0,0,0,0,0
919,27464.9,30.0,2,1,-1,154,1,0,140,14,0,0,0,0,0,0,0,0,0,0,0,0,0,0,0,0,0,0,0,0,0
920,27494.9,30.0,2,1,-1,151,1,0,143,8,0,0,0,0,0,0,0,0,0,0,0,0,0,0,0,0,0,0,0,0,0
921,27524.7,29.9,2,1,-1,166,1,0,148,18,0,0,0,0,0,0,0,0,0,0,0,0,0,0,0,0,0,0,0,0,0
922,27554.6,29.9,2,1,-1,149,1,0,133,16,0,0,0,0,0,0,0,0,0,0,0,0,0,0,0,0,0,0,0,0,0
923,27584.4,29.8,2,1,-1,163,1,0,145,18,0,0,0,0,0,0,0,0,0,0,0,0,0,0,0,0,0,0,0,0,0
924,27614.4,30.0,2,1,-1,153,1,0,141,12,0,0,0,0,0,0,0,0,0,0,0,0,0,0,0,0,0,0,0,0,0
925,27644.2,29.8,2,1,-1,154,1,0,142,12,0,0,0,0,0,0,0,0,0,0,0,0,0,0,0,0,0,0,0,0,0
926,27674.1,29.9,2,1,-1,167,1,0,144,23,0,0,0,0,0,0,0,0,0,0,0,0,0,0,0,0,0,0,0,0,0
927,27704.0,29.8,2,1,-1,152,1,0,143,9,0,0,0,0,0,0,0,0,0,0,0,0,0,0,0,0,0,0,0,0,0
928,27734.0,30.0,2,1,-1,158,1,0,145,13,0,0,0,0,0,0,0,0,0,0,0,0,0,0,0,0,0,0,0,0,0
929,27763.8,29.9,2,1,-1,165,1,0,146,19,0,0,0,0,0,0,0,0,0,0,0,0,0,0,0,0,0,0,0,0,0
930,27793.8,30.0,2,1,-1,157,1,0,142,15,0,0,0,0,0,0,0,0,0,0,0,0,0,0,0,0,0,0,0,0,0
931,27823.6,29.8,2,1,-1,163,1,0,147,16,0,0,0,0,0,0,0,0,0,0,0,0,0,0,0,0,0,0,0,0,0
932,27853.6,29.9,2,1,-1,163,1,0,147,16,0,0,0,0,0,0,0,0,0,0,0,0,0,0,0,0,0,0,0,0,0
933,27883.3,29.8,2,1,-1,156,1,0,144,12,0,0,0,0,0,0,0,0,0,0,0,0,0,0,0,0,0,0,0,0,0
934,27913.0,29.7,2,1,-1,153,1,0,140,13,0,0,0,0,0,0,0,0,0,0,0,0,0,0,0,0,0,0,0,0,0
935,27942.8,29.8,2,1,-1,158,1,0,142,16,0,0,0,0,0,0,0,0,0,0,0,0,0,0,0,0,0,0,0,0,0
936,27972.7,29.9,2,1,-1,156,1,0,142,14,0,0,0,0,0,0,0,0,0,0,0,0,0,0,0,0,0,0,0,0,0
937,28002.4,29.6,2,1,-1,154,1,0,140,14,0,0,0,0,0,0,0,0,0,0,0,0,0,0,0,0,0,0,0,0,0
938,28032.2,29.8,2,1,-1,157,1,0,141,16,0,0,0,0,0,0,0,0,0,0,0,0,0,0,0,0,0,0,0,0,0
939,28062.1,29.9,2,1,-1,156,1,0,145,11,0,0,0,0,0,0,0,0,0,0,0,0,0,0,0,0,0,0,0,0,0
940,28091.9,29.8,2,1,-1,160,1,0,142,18,0,0,0,0,0,0,0,0,0,0,0,0,0,0,0,0,0,0,0,0,0
941,28121.7,29.8,2,1,-1,147,1,0,139,8,0,0,0,0,0,0,0,0,0,0,0,0,0,0,0,0,0,0,0,0,0
942,28151.7,30.0,2,1,-1,161,1,0,145,16,0,0,0,0,0,0,0,0,0,0,0,0,0,0,0,0,0,0,0,0,0
943,28181.5,29.8,2,1,-1,152,1,0,145,7,0,0,0,0,0,0,0,0,0,0,0,0,0,0,0,0,0,0,0,0,0
944,28211.4,29.9,2,1,-1,161,1,0,144,17,0,0,0,0,0,0,0,0,0,0,0,0,0,0,0,0,0,0,0,0,0
945,28241.3,29.8,2,1,-1,149,1,0,138,11,0,0,0,0,0,0,0,0,0,0,0,0,0,0,0,0,0,0,0,0,0
946,28271.2,29.9,2,1,-1,162,1,0,146,16,0,0,0,0,0,0,0,0,0,0,0,0,0,0,0,0,0,0,0,0,0
947,28301.1,30.0,2,1,-1,158,1,0,142,16,0,0,0,0,0,0,0,0,0,0,0,0,0,0,0,0,0,0,0,0,0
948,28331.0,29.8,2,1,-1,156,1,0,144,12,0,0,0,0,0,0,0,0,0,0,0,0,0,0,0,0,0,0,0,0,0
949,28360.8,29.9,2,1,-1,156,1,0,141,15,0,0,0,0,0,0,0,0,0,0,0,0,0,0,0,0,0,0,0,0,0
950,28390.7,29.9,2,1,-1,155,1,0,142,13,0,0,0,0,0,0,0,0,0,0,0,0,0,0,0,0,0,0,0,0,0
951,28420.6,29.9,2,1,-1,149,1,0,141,8,0,0,0,0,0,0,0,0,0,0,0,0,0,0,0,0,0,0,0,0,0
952,28450.5,29.9,2,1,-1,153,1,0,140,13,0,0,0,0,0,0,0,0,0,0,0,0,0,0,0,0,0,0,0,0,0
953,28480.4,29.9,2,1,-1,155,1,0,144,11,0,0,0,0,0,0,0,0,0,0,0,0,0,0,0,0,0,0,0,0,0
954,28510.3,29.9,2,1,-1,151,1,0,141,10,0,0,0,0,0,0,0,0,0,0,0,0,0,0,0,0,0,0,0,0,0
955,28540.2,29.9,2,1,-1,158,1,0,146,12,0,0,0,0,0,0,0,0,0,0,0,0,0,0,0,0,0,0,0,0,0
956,28570.0,29.9,2,1,-1,158,1,0,143,15,0,0,0,0,0,0,0,0,0,0,0,0,0,0,0,0,0,0,0,0,0
957,28599.9,29.8,2,1,-1,158,1,0,146,12,0,0,0,0,0,0,0,0,0,0,0,0,0,0,0,0,0,0,0,0,0
958,28629.9,30.0,2,1,-1,160,1,0,144,16,0,0,0,0,0,0,0,0,0,0,0,0,0,0,0,0,0,0,0,0,0
959,28659.8,29.9,2,1,-1,160,1,0,143,17,0,0,0,0,0,0,0,0,0,0,0,0,0,0,0,0,0,0,0,0,0
960,28689.7,29.9,2,1,-1,160,1,0,141,19,0,0,0,0,0,0,0,0,0,0,0,0,0,0,0,0,0,0,0,0,0
961,28719.6,29.9,2,1,-1,160,1,0,142,18,0,0,0,0,0,0,0,0,0,0,0,0,0,0,0,0,0,0,0,0,0
962,28749.5,29.9,2,1,-1,155,1,0,143,12,0,0,0,0,0,0,0,0,0,0,0,0,0,0,0,0,0,0,0,0,0
963,28779.2,29.8,2,1,-1,155,1,0,138,17,0,0,0,0,0,0,0,0,0,0,0,0,0,0,0,0,0,0,0,0,0
964,28809.1,29.8,2,1,-1,154,1,0,142,12,0,0,0,0,0,0,0,0,0,0,0,0,0,0,0,0,0,0,0,0,0
965,28838.9,29.8,2,1,-1,157,1,0,143,14,0,0,0,0,0,0,0,0,0,0,0,0,0,0,0,0,0,0,0,0,0
966,28868.8,29.9,2,1,-1,153,1,0,141,12,0,0,0,0,0,0,0,0,0,0,0,0,0,0,0,0,0,0,0,0,0
967,28898.7,29.9,2,1,-1,151,1,0,141,10,0,0,0,0,0,0,0,0,0,0,0,0,0,0,0,0,0,0,0,0,0
968,28928.7,30.0,2,1,-1,149,1,0,138,11,0,0,0,0,0,0,0,0,0,0,0,0,0,0,0,0,0,0,0,0,0
969,28958.6,29.9,2,1,-1,156,1,0,142,14,0,0,0,0,0,0,0,0,0,0,0,0,0,0,0,0,0,0,0,0,0
970,28988.5,29.9,2,1,-1,161,1,0,143,18,0,0,0,0,0,0,0,0,0,0,0,0,0,0,0,0,0,0,0,0,0
971,29018.3,29.8,2,1,-1,162,1,0,146,16,0,0,0,0,0,0,0,0,0,0,0,0,0,0,0,0,0,0,0,0,0
972,29048.3,30.0,2,1,-1,161,1,0,142,19,0,0,0,0,0,0,0,0,0,0,0,0,0,0,0,0,0,0,0,0,0
973,29078.1,29.8,2,1,-1,164,1,0,143,21,0,0,0,0,0,0,0,0,0,0,0,0,0,0,0,0,0,0,0,0,0
974,29107.9,29.8,2,1,-1,152,1,0,142,10,0,0,0,0,0,0,0,0,0,0,0,0,0,0,0,0,0,0,0,0,0
975,29137.8,30.0,2,1,-1,159,1,0,144,15,0,0,0,0,0,0,0,0,0,0,0,0,0,0,0,0,0,0,0,0,0
976,29167.7,29.8,2,1,-1,155,1,0,145,10,0,0,0,0,0,0,0,0,0,0,0,0,0,0,0,0,0,0,0,0,0
977,29197.4,29.7,2,1,-1,151,1,0,142,9,0,0,0,0,0,0,0,0,0,0,0,0,0,0,0,0,0,0,0,0,0
978,29227.3,29.9,2,1,-1,164,1,0,145,19,0,0,0,0,0,0,0,0,0,0,0,0,0,0,0,0,0,0,0,0,0
979,29257.3,30.0,2,1,-1,151,1,0,139,12,0,0,0,0,0,0,0,0,0,0,0,0,0,0,0,0,0,0,0,0,0
980,29287.2,29.9,2,1,-1,152,1,0,141,11,0,0,0,0,0,0,0,0,0,0,0,0,0,0,0,0,0,0,0,0,0
981,29317.0,29.8,2,1,-1,153,1,0,140,13,0,0,0,0,0,0,0,0,0,0,0,0,0,0,0,0,0,0,0,0,0
982,29346.9,29.9,2,1,-1,155,1,0,146,9,0,0,0,0,0,0,0,0,0,0,0,0,0,0,0,0,0,0,0,0,0
983,29376.7,29.9,2,1,-1,158,1,0,139,19,0,0,0,0,0,0,0,0,0,0,0,0,0,0,0,0,0,0,0,0,0
984,29406.5,29.8,2,1,-1,156,1,0,144,12,0,0,0,0,0,0,0,0,0,0,0,0,0,0,0,0,0,0,0,0,0
985,29436.5,30.0,2,1,-1,154,1,0,145,9,0,0,0,0,0,0,0,0,0,0,0,0,0,0,0,0,0,0,0,0,0
986,29466.4,29.9,2,1,-1,166,1,0,146,20,0,0,0,0,0,0,0,0,0,0,0,0,0,0,0,0,0,0,0,0,0
987,29496.3,29.8,2,1,-1,164,1,0,146,18,0,0,0,0,0,0,0,0,0,0,0,0,0,0,0,0,0,0,0,0,0
988,29526.0,29.8,2,1,-1,157,1,0,146,11,0,0,0,0,0,0,0,0,0,0,0,0,0,0,0,0,0,0,0,0,0
989,29555.8,29.8,2,1,-1,153,1,0,142,11,0,0,0,0,0,0,0,0,0,0,0,0,0,0,0,0,0,0,0,0,0
990,29585.6,29.8,2,1,-1,153,1,0,144,9,0,0,0,0,0,0,0,0,0,0,0,0,0,0,0,0,0,0,0,0,0
991,29615.6,30.0,2,1,-1,150,1,0,143,7,0,0,0,0,0,0,0,0,0,0,0,0,0,0,0,0,0,0,0,0,0
992,29645.5,29.9,2,1,-1,162,1,0,148,14,0,0,0,0,0,0,0,0,0,0,0,0,0,0,0,0,0,0,0,0,0
993,29675.4,29.9,2,1,-1,157,1,0,145,12,0,0,0,0,0,0,0,0,0,0,0,0,0,0,0,0,0,0,0,0,0
994,29705.2,29.8,2,1,-1,158,1,0,145,13,0,0,0,0,0,0,0,0,0,0,0,0,0,0,0,0,0,0,0,0,0
995,29735.2,29.9,2,1,-1,154,1,0,145,9,0,0,0,0,0,0,0,0,0,0,0,0,0,0,0,0,0,0,0,0,0
996,29765.0,29.9,2,1,-1,158,1,0,144,14,0,0,0,0,0,0,0,0,0,0,0,0,0,0,0,0,0,0,0,0,0
997,29794.8,29.8,2,1,-1,166,1,0,143,23,0,0,0,0,0,0,0,0,0,0,0,0,0,0,0,0,0,0,0,0,0
998,29824.8,30.0,2,1,-1,158,1,0,140,18,0,0,0,0,0,0,0,0,0,0,0,0,0,0,0,0,0,0,0,0,0
999,29854.6,29.8,2,1,-1,164,1,0,143,21,0,0,0,0,0,0,0,0,0,0,0,0,0,0,0,0,0,0,0,0,0
1000,29884.5,29.8,2,1,-1,155,1,0,143,12,0,0,0,0,0,0,0,0,0,0,0,0,0,0,0,0,0,0,0,0,0
1001,29914.4,29.9,2,1,-1,162,1,0,145,17,0,0,0,0,0,0,0,0,0,0,0,0,0,0,0,0,0,0,0,0,0
1002,29944.3,29.9,2,1,-1,159,1,0,147,12,0,0,0,0,0,0,0,0,0,0,0,0,0,0,0,0,0,0,0,0,0
1003,29974.1,29.8,2,1,-1,155,1,0,145,10,0,0,0,0,0,0,0,0,0,0,0,0,0,0,0,0,0,0,0,0,0
1004,30004.0,29.9,2,1,-1,156,1,0,140,16,0,0,0,0,0,0,0,0,0,0,0,0,0,0,0,0,0,0,0,0,0
1005,30034.0,30.0,2,1,-1,153,1,0,141,12,0,0,0,0,0,0,0,0,0,0,0,0,0,0,0,0,0,0,0,0,0
1006,30063.9,29.9,2,1,-1,150,1,0,142,8,0,0,0,0,0,0,0,0,0,0,0,0,0,0,0,0,0,0,0,0,0
1007,30093.9,30.0,2,1,-1,153,1,0,142,11,0,0,0,0,0,0,0,0,0,0,0,0,0,0,0,0,0,0,0,0,0
1008,30123.6,29.8,2,1,-1,151,1,0,141,10,0,0,0,0,0,0,0,0,0,0,0,0,0,0,0,0,0,0,0,0,0
1009,30153.5,29.8,2,1,-1,155,1,0,143,12,0,0,0,0,0,0,0,0,0,0,0,0,0,0,0,0,0,0,0,0,0
1010,30183.4,30.0,2,1,-1,163,1,0,141,22,0,0,0,0,0,0,0,0,0,0,0,0,0,0,0,0,0,0,0,0,0
1011,30213.3,29.8,2,1,-1,158,1,0,144,14,0,0,0,0,0,0,0,0,0,0,0,0,0,0,0,0,0,0,0,0,0
1012,30243.2,29.9,2,1,-1,150,1,0,139,11,0,0,0,0,0,0,0,0,0,0,0,0,0,0,0,0,0,0,0,0,0
1013,30273.2,30.0,2,1,-1,162,1,0,146,16,0,0,0,0,0,0,0,0,0,0,0,0,0,0,0,0,0,0,0,0,0
1014,30303.0,29.8,2,1,-1,152,1,0,142,10,0,0,0,0,0,0,0,0,0,0,0,0,0,0,0,0,0,0,0,0,0
1015,30333.0,30.0,2,1,-1,155,1,0,144,11,0,0,0,0,0,0,0,0,0,0,0,0,0,0,0,0,0,0,0,0,0
1016,30362.9,29.9,2,1,-1,161,1,0,145,16,0,0,0,0,0,0,0,0,0,0,0,0,0,0,0,0,0,0,0,0,0
1017,30392.7,29.8,2,1,-1,153,1,0,136,17,0,0,0,0,0,0,0,0,0,0,0,0,0,0,0,0,0,0,0,0,0
1018,30422.6,29.9,2,1,-1,160,1,0,146,14,0,0,0,0,0,0,0,0,0,0,0,0,0,0,0,0,0,0,0,0,0
1019,30452.5,29.9,2,1,-1,158,1,0,145,13,0,0,0,0,0,0,0,0,0,0,0,0,0,0,0,0,0,0,0,0,0
1020,30482.3,29.9,2,1,-1,155,1,0,143,12,0,0,0,0,0,0,0,0,0,0,0,0,0,0,0,0,0,0,0,0,0
1021,30512.3,30.0,2,1,-1,161,1,0,143,18,0,0,0,0,0,0,0,0,0,0,0,0,0,0,0,0,0,0,0,0,0
1022,30542.3,30.0,2,1,-1,154,1,0,144,10,0,0,0,0,0,0,0,0,0,0,0,0,0,0,0,0,0,0,0,0,0
1023,30572.2,29.9,2,1,-1,160,1,0,146,14,0,0,0,0,0,0,0,0,0,0,0,0,0,0,0,0,0,0,0,0,0
1024,30602.2,29.9,2,1,-1,162,1,0,145,17,0,0,0,0,0,0,0,0,0,0,0,0,0,0,0,0,0,0,0,0,0
1025,30631.9,29.8,2,1,-1,158,1,0,141,17,0,0,0,0,0,0,0,0,0,0,0,0,0,0,0,0,0,0,0,0,0
1026,30661.9,30.0,2,1,-1,159,1,0,141,18,0,0,0,0,0,0,0,0,0,0,0,0,0,0,0,0,0,0,0,0,0
1027,30691.9,29.9,2,1,-1,153,1,0,143,10,0,0,0,0,0,0,0,0,0,0,0,0,0,0,0,0,0,0,0,0,0
1028,30721.7,29.8,2,1,-1,165,1,0,145,20,0,0,0,0,0,0,0,0,0,0,0,0,0,0,0,0,0,0,0,0,0
1029,30751.7,30.0,2,1,-1,154,1,0,143,11,0,0,0,0,0,0,0,0,0,0,0,0,0,0,0,0,0,0,0,0,0
1030,30781.6,29.9,2,1,-1,158,1,0,142,16,0,0,0,0,0,0,0,0,0,0,0,0,0,0,0,0,0,0,0,0,0
1031,30811.5,29.9,2,1,-1,152,1,0,144,8,0,0,0,0,0,0,0,0,0,0,0,0,0,0,0,0,0,0,0,0,0
1032,30841.4,30.0,2,1,-1,160,1,0,146,14,0,0,0,0,0,0,0,0,0,0,0,0,0,0,0,0,0,0,0,0,0
1033,30871.4,29.9,2,1,-1,162,1,0,148,14,0,0,0,0,0,0,0,0,0,0,0,0,0,0,0,0,0,0,0,0,0
1034,30901.2,29.8,2,1,-1,166,1,0,147,19,0,0,0,0,0,0,0,0,0,0,0,0,0,0,0,0,0,0,0,0,0
1035,30931.1,29.9,2,1,-1,156,1,0,144,12,0,0,0,0,0,0,0,0,0,0,0,0,0,0,0,0,0,0,0,0,0
1036,30960.9,29.8,2,1,-1,163,1,0,143,20,0,0,0,0,0,0,0,0,0,0,0,0,0,0,0,0,0,0,0,0,0
1037,30990.7,29.8,2,1,-1,157,1,0,141,16,0,0,0,0,0,0,0,0,0,0,0,0,0,0,0,0,0,0,0,0,0
1038,31020.4,29.7,2,1,-1,152,1,0,142,10,0,0,0,0,0,0,0,0,0,0,0,0,0,0,0,0,0,0,0,0,0
1039,31050.3,29.9,2,1,-1,164,1,0,145,19,0,0,0,0,0,0,0,0,0,0,0,0,0,0,0,0,0,0,0,0,0
1040,31080.1,29.9,2,1,-1,167,1,0,146,21,0,0,0,0,0,0,0,0,0,0,0,0,0,0,0,0,0,0,0,0,0
1041,31109.9,29.8,2,1,-1,159,1,0,142,17,0,0,0,0,0,0,0,0,0,0,0,0,0,0,0,0,0,0,0,0,0
1042,31139.8,29.9,2,1,-1,153,1,0,137,16,0,0,0,0,0,0,0,0,0,0,0,0,0,0,0,0,0,0,0,0,0
1043,31169.7,29.9,2,1,-1,156,1,0,144,12,0,0,0,0,0,0,0,0,0,0,0,0,0,0,0,0,0,0,0,0,0
1044,31199.5,29.8,2,1,-1,161,1,0,145,16,0,0,0,0,0,0,0,0,0,0,0,0,0,0,0,0,0,0,0,0,0
1045,31229.4,29.9,2,1,-1,150,1,0,142,8,0,0,0,0,0,0,0,0,0,0,0,0,0,0,0,0,0,0,0,0,0
1046,31259.2,29.9,2,1,-1,160,1,0,145,15,0,0,0,0,0,0,0,0,0,0,0,0,0,0,0,0,0,0,0,0,0
1047,31289.1,29.9,2,1,-1,156,1,0,139,17,0,0,0,0,0,0,0,0,0,0,0,0,0,0,0,0,0,0,0,0,0
1048,31319.0,29.9,2,1,-1,158,1,0,144,14,0,0,0,0,0,0,0,0,0,0,0,0,0,0,0,0,0,0,0,0,0
1049,31348.8,29.8,2,1,-1,154,1,0,139,15,0,0,0,0,0,0,0,0,0,0,0,0,0,0,0,0,0,0,0,0,0
1050,31378.8,29.9,2,1,-1,158,1,0,142,16,0,0,0,0,0,0,0,0,0,0,0,0,0,0,0,0,0,0,0,0,0
1051,31408.6,29.9,2,1,-1,164,1,0,145,19,0,0,0,0,0,0,0,0,0,0,0,0,0,0,0,0,0,0,0,0,0
1052,31438.5,29.8,2,1,-1,161,1,0,144,17,0,0,0,0,0,0,0,0,0,0,0,0,0,0,0,0,0,0,0,0,0
1053,31468.4,29.9,2,1,-1,152,1,0,144,8,0,0,0,0,0,0,0,0,0,0,0,0,0,0,0,0,0,0,0,0,0
1054,31498.2,29.8,2,1,-1,153,1,0,143,10,0,0,0,0,0,0,0,0,0,0,0,0,0,0,0,0,0,0,0,0,0
1055,31528.2,30.0,2,1,-1,166,1,0,143,23,0,0,0,0,0,0,0,0,0,0,0,0,0,0,0,0,0,0,0,0,0
1056,31558.2,30.0,2,1,-1,164,1,0,145,19,0,0,0,0,0,0,0,0,0,0,0,0,0,0,0,0,0,0,0,0,0
1057,31588.0,29.8,2,1,-1,157,1,0,142,15,0,0,0,0,0,0,0,0,0,0,0,0,0,0,0,0,0,0,0,0,0
1058,31617.9,29.9,2,1,-1,152,1,0,141,11,0,0,0,0,0,0,0,0,0,0,0,0,0,0,0,0,0,0,0,0,0
1059,31647.9,30.0,2,1,-1,167,1,0,145,22,0,0,0,0,0,0,0,0,0,0,0,0,0,0,0,0,0,0,0,0,0
1060,31677.7,29.8,2,1,-1,152,1,0,139,13,0,0,0,0,0,0,0,0,0,0,0,0,0,0,0,0,0,0,0,0,0
1061,31707.6,29.9,2,1,-1,163,1,0,143,20,0,0,0,0,0,0,0,0,0,0,0,0,0,0,0,0,0,0,0,0,0
1062,31737.6,30.0,2,1,-1,149,1,0,140,9,0,0,0,0,0,0,0,0,0,0,0,0,0,0,0,0,0,0,0,0,0
1063,31767.4,29.8,2,1,-1,162,1,0,145,17,0,0,0,0,0,0,0,0,0,0,0,0,0,0,0,0,0,0,0,0,0
1064,31797.1,29.7,2,1,-1,152,1,0,139,13,0,0,0,0,0,0,0,0,0,0,0,0,0,0,0,0,0,0,0,0,0
1065,31827.0,29.9,2,1,-1,165,1,0,145,20,0,0,0,0,0,0,0,0,0,0,0,0,0,0,0,0,0,0,0,0,0
1066,31856.9,29.8,2,1,-1,159,1,0,145,14,0,0,0,0,0,0,0,0,0,0,0,0,0,0,0,0,0,0,0,0,0
1067,31886.7,29.9,2,1,-1,162,1,0,141,21,0,0,0,0,0,0,0,0,0,0,0,0,0,0,0,0,0,0,0,0,0
1068,31916.5,29.8,2,1,-1,159,1,0,143,16,0,0,0,0,0,0,0,0,0,0,0,0,0,0,0,0,0,0,0,0,0
1069,31946.4,29.9,2,1,-1,167,1,0,143,24,0,0,0,0,0,0,0,0,0,0,0,0,0,0,0,0,0,0,0,0,0
1070,31976.3,29.8,2,1,-1,156,1,0,143,13,0,0,0,0,0,0,0,0,0,0,0,0,0,0,0,0,0,0,0,0,0
1071,32006.2,29.9,2,1,-1,150,1,0,138,12,0,0,0,0,0,0,0,0,0,0,0,0,0,0,0,0,0,0,0,0,0
1072,32036.2,30.0,2,1,-1,160,1,0,143,17,0,0,0,0,0,0,0,0,0,0,0,0,0,0,0,0,0,0,0,0,0
1073,32066.1,29.9,2,1,-1,167,1,0,145,22,0,0,0,0,0,0,0,0,0,0,0,0,0,0,0,0,0,0,0,0,0
1074,32096.1,30.0,2,1,-1,157,1,0,141,16,0,0,0,0,0,0,0,0,0,0,0,0,0,0,0,0,0,0,0,0,0
1075,32126.0,29.9,2,1,-1,153,1,0,140,13,0,0,0,0,0,0,0,0,0,0,0,0,0,0,0,0,0,0,0,0,0
1076,32155.9,29.8,2,1,-1,150,1,0,142,8,0,0,0,0,0,0,0,0,0,0,0,0,0,0,0,0,0,0,0,0,0
1077,32185.7,29.8,2,1,-1,153,1,0,141,12,0,0,0,0,0,0,0,0,0,0,0,0,0,0,0,0,0,0,0,0,0
1078,32215.5,29.8,2,1,-1,158,1,0,142,16,0,0,0,0,0,0,0,0,0,0,0,0,0,0,0,0,0,0,0,0,0
1079,32245.4,29.9,2,1,-1,158,1,0,143,15,0,0,0,0,0,0,0,0,0,0,0,0,0,0,0,0,0,0,0,0,0
1080,32275.4,30.0,2,1,-1,157,1,0,140,17,0,0,0,0,0,0,0,0,0,0,0,0,0,0,0,0,0,0,0,0,0
1081,32305.2,29.8,2,1,-1,159,1,0,144,15,0,0,0,0,0,0,0,0,0,0,0,0,0,0,0,0,0,0,0,0,0
1082,32335.1,29.9,2,1,-1,156,1,0,145,11,0,0,0,0,0,0,0,0,0,0,0,0,0,0,0,0,0,0,0,0,0
1083,32365.1,30.0,2,1,-1,161,1,0,145,16,0,0,0,0,0,0,0,0,0,0,0,0,0,0,0,0,0,0,0,0,0
1084,32395.0,29.9,2,1,-1,144,1,0,138,6,0,0,0,0,0,0,0,0,0,0,0,0,0,0,0,0,0,0,0,0,0
1085,32424.8,29.8,2,1,-1,155,1,0,140,15,0,0,0,0,0,0,0,0,0,0,0,0,0,0,0,0,0,0,0,0,0
1086,32454.7,29.9,2,1,-1,159,1,0,140,19,0,0,0,0,0,0,0,0,0,0,0,0,0,0,0,0,0,0,0,0,0
1087,32484.5,29.8,2,1,-1,158,1,0,143,15,0,0,0,0,0,0,0,0,0,0,0,0,0,0,0,0,0,0,0,0,0
1088,32514.4,29.9,2,1,-1,158,1,0,144,14,0,0,0,0,0,0,0,0,0,0,0,0,0,0,0,0,0,0,0,0,0
1089,32544.2,29.8,2,1,-1,159,1,0,142,17,0,0,0,0,0,0,0,0,0,0,0,0,0,0,0,0,0,0,0,0,0
1090,32574.2,30.0,2,1,-1,159,1,0,146,13,0,0,0,0,0,0,0,0,0,0,0,0,0,0,0,0,0,0,0,0,0
1091,32604.0,29.8,2,1,-1,163,1,0,148,15,0,0,0,0,0,0,0,0,0,0,0,0,0,0,0,0,0,0,0,0,0
1092,32633.7,29.8,2,1,-1,154,1,0,140,14,0,0,0,0,0,0,0,0,0,0,0,0,0,0,0,0,0,0,0,0,0
1093,32663.7,30.0,2,1,-1,148,1,0,139,9,0,0,0,0,0,0,0,0,0,0,0,0,0,0,0,0,0,0,0,0,0
1094,32693.7,30.0,2,1,-1,150,1,0,143,7,0,0,0,0,0,0,0,0,0,0,0,0,0,0,0,0,0,0,0,0,0
1095,32723.5,29.8,2,1,-1,151,1,0,142,9,0,0,0,0,0,0,0,0,0,0,0,0,0,0,0,0,0,0,0,0,0
1096,32753.4,29.9,2,1,-1,155,1,0,142,13,0,0,0,0,0,0,0,0,0,0,0,0,0,0,0,0,0,0,0,0,0
1097,32783.2,29.9,2,1,-1,158,1,0,138,20,0,0,0,0,0,0,0,0,0,0,0,0,0,0,0,0,0,0,0,0,0
1098,32813.2,30.0,2,1,-1,156,1,0,142,14,0,0,0,0,0,0,0,0,0,0,0,0,0,0,0,0,0,0,0,0,0
1099,32843.1,29.9,2,1,-1,152,1,0,138,14,0,0,0,0,0,0,0,0,0,0,0,0,0,0,0,0,0,0,0,0,0
1100,32873.0,29.9,2,1,-1,153,1,0,141,12,0,0,0,0,0,0,0,0,0,0,0,0,0,0,0,0,0,0,0,0,0
1101,32902.9,29.9,2,1,-1,155,1,0,143,12,0,0,0,0,0,0,0,0,0,0,0,0,0,0,0,0,0,0,0,0,0
1102,32932.8,30.0,2,1,-1,163,1,0,146,17,0,0,0,0,0,0,0,0,0,0,0,0,0,0,0,0,0,0,0,0,0
1103,32962.8,30.0,2,1,-1,160,1,0,144,16,0,0,0,0,0,0,0,0,0,0,0,0,0,0,0,0,0,0,0,0,0
1104,32992.6,29.8,2,1,-1,151,1,0,141,10,0,0,0,0,0,0,0,0,0,0,0,0,0,0,0,0,0,0,0,0,0
1105,33022.5,29.9,2,1,-1,162,1,0,142,20,0,0,0,0,0,0,0,0,0,0,0,0,0,0,0,0,0,0,0,0,0
1106,33052.3,29.8,2,1,-1,158,1,0,142,16,0,0,0,0,0,0,0,0,0,0,0,0,0,0,0,0,0,0,0,0,0
1107,33082.3,30.0,2,1,-1,157,1,0,143,14,0,0,0,0,0,0,0,0,0,0,0,0,0,0,0,0,0,0,0,0,0
1108,33112.3,30.0,2,1,-1,156,1,0,139,17,0,0,0,0,0,0,0,0,0,0,0,0,0,0,0,0,0,0,0,0,0
1109,33142.2,30.0,2,1,-1,164,1,0,145,19,0,0,0,0,0,0,0,0,0,0,0,0,0,0,0,0,0,0,0,0,0
1110,33172.2,30.0,2,1,-1,154,1,0,143,11,0,0,0,0,0,0,0,0,0,0,0,0,0,0,0,0,0,0,0,0,0
1111,33202.1,29.9,2,1,-1,164,1,0,145,19,0,0,0,0,0,0,0,0,0,0,0,0,0,0,0,0,0,0,0,0,0
1112,33232.0,29.9,2,1,-1,151,1,0,141,10,0,0,0,0,0,0,0,0,0,0,0,0,0,0,0,0,0,0,0,0,0
1113,33261.8,29.8,2,1,-1,156,1,0,141,15,0,0,0,0,0,0,0,0,0,0,0,0,0,0,0,0,0,0,0,0,0
1114,33291.7,29.9,2,1,-1,163,1,0,147,16,0,0,0,0,0,0,0,0,0,0,0,0,0,0,0,0,0,0,0,0,0
1115,33321.5,29.8,2,1,-1,154,1,0,142,12,0,0,0,0,0,0,0,0,0,0,0,0,0,0,0,0,0,0,0,0,0
1116,33351.4,29.9,2,1,-1,158,1,0,142,16,0,0,0,0,0,0,0,0,0,0,0,0,0,0,0,0,0,0,0,0,0
1117,33381.4,30.0,2,1,-1,154,1,0,144,10,0,0,0,0,0,0,0,0,0,0,0,0,0,0,0,0,0,0,0,0,0
1118,33411.2,29.8,2,1,-1,153,1,0,143,10,0,0,0,0,0,0,0,0,0,0,0,0,0,0,0,0,0,0,0,0,0
1119,33441.1,29.9,2,1,-1,157,1,0,142,15,0,0,0,0,0,0,0,0,0,0,0,0,0,0,0,0,0,0,0,0,0
1120,33471.1,30.0,2,1,-1,163,1,0,144,19,0,0,0,0,0,0,0,0,0,0,0,0,0,0,0,0,0,0,0,0,0
1121,33500.9,29.8,2,1,-1,160,1,0,144,16,0,0,0,0,0,0,0,0,0,0,0,0,0,0,0,0,0,0,0,0,0
1122,33530.8,29.9,2,1,-1,156,1,0,144,12,0,0,0,0,0,0,0,0,0,0,0,0,0,0,0,0,0,0,0,0,0
1123,33560.8,30.0,2,1,-1,165,1,0,150,15,0,0,0,0,0,0,0,0,0,0,0,0,0,0,0,0,0,0,0,0,0
1124,33590.8,29.9,2,1,-1,162,1,0,144,18,0,0,0,0,0,0,0,0,0,0,0,0,0,0,0,0,0,0,0,0,0
1125,33620.7,29.9,2,1,-1,156,1,0,146,10,0,0,0,0,0,0,0,0,0,0,0,0,0,0,0,0,0,0,0,0,0
1126,33650.6,29.9,2,1,-1,154,1,0,140,14,0,0,0,0,0,0,0,0,0,0,0,0,0,0,0,0,0,0,0,0,0
1127,33680.4,29.8,2,1,-1,159,1,0,145,14,0,0,0,0,0,0,0,0,0,0,0,0,0,0,0,0,0,0,0,0,0
1128,33710.2,29.8,2,1,-1,148,1,0,137,11,0,0,0,0,0,0,0,0,0,0,0,0,0,0,0,0,0,0,0,0,0
1129,33740.2,30.0,2,1,-1,158,1,0,139,19,0,0,0,0,0,0,0,0,0,0,0,0,0,0,0,0,0,0,0,0,0
1130,33770.1,30.0,2,1,-1,170,1,0,152,18,0,0,0,0,0,0,0,0,0,0,0,0,0,0,0,0,0,0,0,0,0
1131,33800.0,29.9,2,1,-1,154,1,0,143,11,0,0,0,0,0,0,0,0,0,0,0,0,0,0,0,0,0,0,0,0,0
1132,33829.9,29.9,2,1,-1,155,1,0,139,16,0,0,0,0,0,0,0,0,0,0,0,0,0,0,0,0,0,0,0,0,0
1133,33859.7,29.8,2,1,-1,164,1,0,141,23,0,0,0,0,0,0,0,0,0,0,0,0,0,0,0,0,0,0,0,0,0
1134,33889.7,30.0,2,1,-1,156,1,0,141,15,0,0,0,0,0,0,0,0,0,0,0,0,0,0,0,0,0,0,0,0,0
1135,33919.7,30.0,2,1,-1,158,1,0,146,12,0,0,0,0,0,0,0,0,0,0,0,0,0,0,0,0,0,0,0,0,0
1136,33949.5,29.8,2,1,-1,154,1,0,145,9,0,0,0,0,0,0,0,0,0,0,0,0,0,0,0,0,0,0,0,0,0
1137,33979.4,29.9,2,1,-1,152,1,0,138,14,0,0,0,0,0,0,0,0,0,0,0,0,0,0,0,0,0,0,0,0,0
1138,34009.2,29.8,2,1,-1,159,1,0,147,12,0,0,0,0,0,0,0,0,0,0,0,0,0,0,0,0,0,0,0,0,0
1139,34039.1,29.9,2,1,-1,156,1,0,142,14,0,0,0,0,0,0,0,0,0,0,0,0,0,0,0,0,0,0,0,0,0
1140,34068.9,29.8,2,1,-1,161,1,0,143,18,0,0,0,0,0,0,0,0,0,0,0,0,0,0,0,0,0,0,0,0,0
1141,34098.9,30.0,2,1,-1,158,1,0,144,14,0,0,0,0,0,0,0,0,0,0,0,0,0,0,0,0,0,0,0,0,0
1142,34128.8,29.9,2,1,-1,164,1,0,148,16,0,0,0,0,0,0,0,0,0,0,0,0,0,0,0,0,0,0,0,0,0
1143,34158.8,30.0,2,1,-1,157,1,0,145,12,0,0,0,0,0,0,0,0,0,0,0,0,0,0,0,0,0,0,0,0,0
1144,34188.6,29.8,2,1,-1,160,1,0,142,18,0,0,0,0,0,0,0,0,0,0,0,0,0,0,0,0,0,0,0,0,0
1145,34218.4,29.8,2,1,-1,165,1,0,142,23,0,0,0,0,0,0,0,0,0,0,0,0,0,0,0,0,0,0,0,0,0
1146,34248.4,30.0,2,1,-1,162,1,0,145,17,0,0,0,0,0,0,0,0,0,0,0,0,0,0,0,0,0,0,0,0,0
1147,34278.2,29.8,2,1,-1,160,1,0,145,15,0,0,0,0,0,0,0,0,0,0,0,0,0,0,0,0,0,0,0,0,0
1148,34308.1,29.9,2,1,-1,160,1,0,141,19,0,0,0,0,0,0,0,0,0,0,0,0,0,0,0,0,0,0,0,0,0
1149,34338.0,29.8,2,1,-1,161,1,0,145,16,0,0,0,0,0,0,0,0,0,0,0,0,0,0,0,0,0,0,0,0,0
1150,34367.9,30.0,2,1,-1,157,1,0,147,10,0,0,0,0,0,0,0,0,0,0,0,0,0,0,0,0,0,0,0,0,0
1151,34397.8,29.9,2,1,-1,148,1,0,140,8,0,0,0,0,0,0,0,0,0,0,0,0,0,0,0,0,0,0,0,0,0
1152,34427.7,29.9,2,1,-1,154,1,0,139,15,0,0,0,0,0,0,0,0,0,0,0,0,0,0,0,0,0,0,0,0,0
1153,34457.6,29.9,2,1,-1,155,1,0,139,16,0,0,0,0,0,0,0,0,0,0,0,0,0,0,0,0,0,0,0,0,0
1154,34487.4,29.8,2,1,-1,165,1,0,147,18,0,0,0,0,0,0,0,0,0,0,0,0,0,0,0,0,0,0,0,0,0
1155,34517.3,29.9,2,1,-1,163,1,0,148,15,0,0,0,0,0,0,0,0,0,0,0,0,0,0,0,0,0,0,0,0,0
1156,34547.1,29.8,2,1,-1,164,1,0,147,17,0,0,0,0,0,0,0,0,0,0,0,0,0,0,0,0,0,0,0,0,0
1157,34577.0,29.9,2,1,-1,153,1,0,137,16,0,0,0,0,0,0,0,0,0,0,0,0,0,0,0,0,0,0,0,0,0
1158,34607.0,29.9,2,1,-1,154,1,0,141,13,0,0,0,0,0,0,0,0,0,0,0,0,0,0,0,0,0,0,0,0,0
1159,34636.9,29.9,2,1,-1,166,1,0,145,21,0,0,0,0,0,0,0,0,0,0,0,0,0,0,0,0,0,0,0,0,0
1160,34666.7,29.8,2,1,-1,157,1,0,143,14,0,0,0,0,0,0,0,0,0,0,0,0,0,0,0,0,0,0,0,0,0
1161,34696.7,30.0,2,1,-1,150,1,0,138,12,0,0,0,0,0,0,0,0,0,0,0,0,0,0,0,0,0,0,0,0,0
1162,34726.6,29.9,2,1,-1,164,1,0,145,19,0,0,0,0,0,0,0,0,0,0,0,0,0,0,0,0,0,0,0,0,0
1163,34756.4,29.8,2,1,-1,158,1,0,143,15,0,0,0,0,0,0,0,0,0,0,0,0,0,0,0,0,0,0,0,0,0
1164,34786.2,29.9,2,1,-1,151,1,0,142,9,0,0,0,0,0,0,0,0,0,0,0,0,0,0,0,0,0,0,0,0,0
1165,34816.2,29.9,2,1,-1,158,1,0,149,9,0,0,0,0,0,0,0,0,0,0,0,0,0,0,0,0,0,0,0,0,0
1166,34846.1,30.0,2,1,-1,161,1,0,150,11,0,0,0,0,0,0,0,0,0,0,0,0,0,0,0,0,0,0,0,0,0
1167,34876.1,30.0,2,1,-1,164,1,0,146,18,0,0,0,0,0,0,0,0,0,0,0,0,0,0,0,0,0,0,0,0,0
1168,34906.0,29.9,2,1,-1,159,1,0,144,15,0,0,0,0,0,0,0,0,0,0,0,0,0,0,0,0,0,0,0,0,0
1169,34936.0,30.0,2,1,-1,166,1,0,144,22,0,0,0,0,0,0,0,0,0,0,0,0,0,0,0,0,0,0,0,0,0
1170,34965.8,29.8,2,1,-1,157,1,0,143,14,0,0,0,0,0,0,0,0,0,0,0,0,0,0,0,0,0,0,0,0,0
1171,34995.7,29.9,2,1,-1,154,1,0,140,14,0,0,0,0,0,0,0,0,0,0,0,0,0,0,0,0,0,0,0,0,0
1172,35025.6,29.8,2,1,-1,157,1,0,146,11,0,0,0,0,0,0,0,0,0,0,0,0,0,0,0,0,0,0,0,0,0
1173,35055.3,29.7,2,1,-1,158,1,0,146,12,0,0,0,0,0,0,0,0,0,0,0,0,0,0,0,0,0,0,0,0,0
1174,35085.2,29.9,2,1,-1,158,1,0,144,14,0,0,0,0,0,0,0,0,0,0,0,0,0,0,0,0,0,0,0,0,0
1175,35115.1,29.9,2,1,-1,161,1,0,144,17,0,0,0,0,0,0,0,0,0,0,0,0,0,0,0,0,0,0,0,0,0
1176,35144.9,29.9,2,1,-1,156,1,0,145,11,0,0,0,0,0,0,0,0,0,0,0,0,0,0,0,0,0,0,0,0,0
1177,35174.9,29.9,2,1,-1,155,1,0,145,10,0,0,0,0,0,0,0,0,0,0,0,0,0,0,0,0,0,0,0,0,0
1178,35204.7,29.9,2,1,-1,156,1,0,143,13,0,0,0,0,0,0,0,0,0,0,0,0,0,0,0,0,0,0,0,0,0
1179,35234.7,30.0,2,1,-1,156,1,0,143,13,0,0,0,0,0,0,0,0,0,0,0,0,0,0,0,0,0,0,0,0,0
1180,35264.5,29.8,2,1,-1,156,1,0,145,11,0,0,0,0,0,0,0,0,0,0,0,0,0,0,0,0,0,0,0,0,0
1181,35294.5,30.0,2,1,-1,161,1,0,143,18,0,0,0,0,0,0,0,0,0,0,0,0,0,0,0,0,0,0,0,0,0
1182,35324.3,29.8,2,1,-1,161,1,0,143,18,0,0,0,0,0,0,0,0,0,0,0,0,0,0,0,0,0,0,0,0,0
1183,35354.3,30.0,2,1,-1,157,1,0,141,16,0,0,0,0,0,0,0,0,0,0,0,0,0,0,0,0,0,0,0,0,0
1184,35384.3,30.0,2,1,-1,158,1,0,143,15,0,0,0,0,0,0,0,0,0,0,0,0,0,0,0,0,0,0,0,0,0
1185,35414.1,29.9,2,1,-1,161,1,0,145,16,0,0,0,0,0,0,0,0,0,0,0,0,0,0,0,0,0,0,0,0,0
1186,35444.1,30.0,2,1,-1,157,1,0,141,16,0,0,0,0,0,0,0,0,0,0,0,0,0,0,0,0,0,0,0,0,0
1187,35474.0,29.8,2,1,-1,153,1,0,143,10,0,0,0,0,0,0,0,0,0,0,0,0,0,0,0,0,0,0,0,0,0
1188,35503.8,29.8,2,1,-1,165,1,0,150,15,0,0,0,0,0,0,0,0,0,0,0,0,0,0,0,0,0,0,0,0,0
1189,35533.7,29.9,2,1,-1,155,1,0,142,13,0,0,0,0,0,0,0,0,0,0,0,0,0,0,0,0,0,0,0,0,0
1190,35563.5,29.8,2,1,-1,158,1,0,147,11,0,0,0,0,0,0,0,0,0,0,0,0,0,0,0,0,0,0,0,0,0
1191,35593.3,29.9,2,1,-1,151,1,0,142,9,0,0,0,0,0,0,0,0,0,0,0,0,0,0,0,0,0,0,0,0,0
1192,35623.2,29.8,2,1,-1,162,1,0,142,20,0,0,0,0,0,0,0,0,0,0,0,0,0,0,0,0,0,0,0,0,0
1193,35653.0,29.8,2,1,-1,159,1,0,142,17,0,0,0,0,0,0,0,0,0,0,0,0,0,0,0,0,0,0,0,0,0
1194,35682.8,29.8,2,1,-1,155,1,0,141,14,0,0,0,0,0,0,0,0,0,0,0,0,0,0,0,0,0,0,0,0,0
1195,35712.7,29.9,2,1,-1,160,1,0,142,18,0,0,0,0,0,0,0,0,0,0,0,0,0,0,0,0,0,0,0,0,0
1196,35742.4,29.7,2,1,-1,163,1,0,145,18,0,0,0,0,0,0,0,0,0,0,0,0,0,0,0,0,0,0,0,0,0
1197,35772.3,29.9,2,1,-1,151,1,0,138,13,0,0,0,0,0,0,0,0,0,0,0,0,0,0,0,0,0,0,0,0,0
1198,35802.0,29.6,2,1,-1,150,1,0,139,11,0,0,0,0,0,0,0,0,0,0,0,0,0,0,0,0,0,0,0,0,0
1199,35831.9,29.9,2,1,-1,158,1,0,146,12,0,0,0,0,0,0,0,0,0,0,0,0,0,0,0,0,0,0,0,0,0
1200,35861.8,29.9,2,1,-1,158,1,0,145,13,0,0,0,0,0,0,0,0,0,0,0,0,0,0,0,0,0,0,0,0,0
1201,35891.7,30.0,2,1,-1,156,1,0,139,17,0,0,0,0,0,0,0,0,0,0,0,0,0,0,0,0,0,0,0,0,0
1202,35921.6,29.8,2,1,-1,160,1,0,145,15,0,0,0,0,0,0,0,0,0,0,0,0,0,0,0,0,0,0,0,0,0
1203,35951.5,29.9,2,1,-1,165,1,0,146,19,0,0,0,0,0,0,0,0,0,0,0,0,0,0,0,0,0,0,0,0,0
1204,35981.4,29.8,2,1,-1,166,1,0,146,20,0,0,0,0,0,0,0,0,0,0,0,0,0,0,0,0,0,0,0,0,0
1205,36011.3,29.9,2,1,-1,157,1,0,140,17,0,0,0,0,0,0,0,0,0,0,0,0,0,0,0,0,0,0,0,0,0
